iso3c,country,HLTH.SURVEYS_2016,HLTH.SURVEYS_2017,HLTH.SURVEYS_2018,HLTH.SURVEYS_2019,SPI.D2.7.HLTH_2016,SPI.D2.7.HLTH_2017,SPI.D2.7.HLTH_2018,SPI.D2.7.HLTH_2019
AFG,Afghanistan,"1997, 2000, 2003, 2010, 2015","1997, 2000, 2003, 2010, 2015","1997, 2000, 2003, 2010, 2015","1997, 2000, 2003, 2010, 2015",0.6,0.6,0.6,0.6
ALB,Albania,"1995, 2000, 2006, 2012, 2018","1995, 2000, 2006, 2012, 2018","1995, 2000, 2006, 2012, 2018","1995, 2000, 2006, 2012, 2018",0.6,0.3,0.3,0.6
DZA,Algeria,1996,1996,1996,1996,0,0,0,0
AGO,Angola,"2000, 2005, 2008, 2017","2000, 2005, 2008, 2017","2000, 2005, 2008, 2017","2000, 2005, 2008, 2017",0.3,0.3,0.6,0.3
ATG,Antigua and Barbuda,"2011, 2019","2011, 2019","2011, 2019","2011, 2019",0.3,0.3,0.3,0.3
ARG,Argentina,"1996, 2001, 2015","1996, 2001, 2015","1996, 2001, 2015","1996, 2001, 2015",0.3,0.3,0.3,0.3
ARM,Armenia,NA,NA,NA,NA,0,0,0,0
AUS,Australia,"1996, 1997, 1998, 1999, 2000, 2001, 2002, 2003, 2004, 2005, 2006, 2007, 2008, 2009, 2010 ,2011, 2012, 2013, 2014, 2015, 2016, 2017","1996, 1997, 1998, 1999, 2000, 2001, 2002, 2003, 2004, 2005, 2006, 2007, 2008, 2009, 2010 ,2011, 2012, 2013, 2014, 2015, 2016, 2017","1996, 1997, 1998, 1999, 2000, 2001, 2002, 2003, 2004, 2005, 2006, 2007, 2008, 2009, 2010 ,2011, 2012, 2013, 2014, 2015, 2016, 2017","1996, 1997, 1998, 1999, 2000, 2001, 2002, 2003, 2004, 2005, 2006, 2007, 2008, 2009, 2010 ,2011, 2012, 2013, 2014, 2015, 2016, 2017",1,1,1,1
AUT,Austria,"1996, 1997, 1998, 1999, 2000, 2001, 2002, 2003, 2004, 2005, 2006, 2007, 2008, 2009, 2010 ,2011, 2012, 2013, 2014, 2015, 2016, 2017","1996, 1997, 1998, 1999, 2000, 2001, 2002, 2003, 2004, 2005, 2006, 2007, 2008, 2009, 2010 ,2011, 2012, 2013, 2014, 2015, 2016, 2017","1996, 1997, 1998, 1999, 2000, 2001, 2002, 2003, 2004, 2005, 2006, 2007, 2008, 2009, 2010 ,2011, 2012, 2013, 2014, 2015, 2016, 2017","1996, 1997, 1998, 1999, 2000, 2001, 2002, 2003, 2004, 2005, 2006, 2007, 2008, 2009, 2010 ,2011, 2012, 2013, 2014, 2015, 2016, 2017",1,1,1,1
AZE,Azerbaijan,"2000, 2005, 2010, 2015","2000, 2005, 2010, 2015","2000, 2005, 2010, 2015","2000, 2005, 2010, 2015",0.6,0.6,0.6,0.6
BHS,"Bahamas, The",NA,NA,NA,NA,0,0,0,0
BHR,Bahrain,NA,NA,NA,NA,0,0,0,0
BGD,Bangladesh,"1999, 2006, 2011, 2015","1999, 2006, 2011, 2015","1999, 2006, 2011, 2015","1999, 2006, 2011, 2015",1,0.6,0.6,0.6
BRB,Barbados,2012,2012,2012,2012,0.3,0.3,0.3,0.3
BLR,Belarus,"1989, 1994, 1996, 1998, 2000, 2003, 2008","1989, 1994, 1996, 1998, 2000, 2003, 2008","1989, 1994, 1996, 1998, 2000, 2003, 2008","1989, 1994, 1996, 1998, 2000, 2003, 2008",0.3,0.3,0.3,0
BEL,Belgium,"1996, 1997, 1998, 1999, 2000, 2001, 2002, 2003, 2004, 2005, 2006, 2007, 2008, 2009, 2010 ,2011, 2012, 2013, 2014, 2015, 2016, 2017","1996, 1997, 1998, 1999, 2000, 2001, 2002, 2003, 2004, 2005, 2006, 2007, 2008, 2009, 2010 ,2011, 2012, 2013, 2014, 2015, 2016, 2017","1996, 1997, 1998, 1999, 2000, 2001, 2002, 2003, 2004, 2005, 2006, 2007, 2008, 2009, 2010 ,2011, 2012, 2013, 2014, 2015, 2016, 2017","1996, 1997, 1998, 1999, 2000, 2001, 2002, 2003, 2004, 2005, 2006, 2007, 2008, 2009, 2010 ,2011, 2012, 2013, 2014, 2015, 2016, 2017",1,1,1,1
BLZ,Belize,"2000, 2003, 2006, 2011","2000, 2003, 2006, 2011","2000, 2003, 2006, 2011","2000, 2003, 2006, 2011",0.6,0.3,0.3,0.3
BEN,Benin,"1993, 1994, 1995, 1997, 2000, 2001, 2003, 2004, 2006, 2007, 2011, 2012, 2014, 2017, 2019","1993, 1994, 1995, 1997, 2000, 2001, 2003, 2004, 2006, 2007, 2011, 2012, 2014, 2017, 2019","1993, 1994, 1995, 1997, 2000, 2001, 2003, 2004, 2006, 2007, 2011, 2012, 2014, 2017, 2019","1993, 1994, 1995, 1997, 2000, 2001, 2003, 2004, 2006, 2007, 2011, 2012, 2014, 2017, 2019",1,1,1,1
BTN,Bhutan,NA,NA,NA,NA,0,0,0,0
BOL,Bolivia,"2000, 2008","2000, 2008","2000, 2008","2000, 2008",0.3,0.3,0.3,0
BIH,Bosnia and Herzegovina,2010,2010,2010,2010,0.3,0.3,0.3,0.3
BWA,Botswana,"1993, 1996, 1999, 2006, 2010","1993, 1996, 1999, 2006, 2010","1993, 1996, 1999, 2006, 2010","1993, 1996, 1999, 2006, 2010",0.6,0.3,0.3,0.3
BRA,Brazil,"1986, 1991, 1996, 2003","1986, 1991, 1996, 2003","1986, 1991, 1996, 2003","1986, 1991, 1996, 2003",0,0,0,0
BRN,Brunei Darussalam,NA,NA,NA,NA,0,0,0,0
BGR,Bulgaria,"1996, 2001, 2006, 2011, 2014, 2017","1996, 2001, 2006, 2011, 2014, 2017","1996, 2001, 2006, 2011, 2014, 2017","1996, 2001, 2006, 2011, 2014, 2017",1,0.6,1,1
BFA,Burkina Faso,"2005, 2012, 2019","2005, 2012, 2019","2005, 2012, 2019","2005, 2012, 2019",0.3,0.3,0.3,0.3
BDI,Burundi,"2000, 2006","2000, 2006","2000, 2006","2000, 2006",0.3,0,0,0
CPV,Cabo Verde,"1996, 2000, 2012","1996, 2000, 2012","1996, 2000, 2012","1996, 2000, 2012",0.3,0.3,0.3,0.3
KHM,Cambodia,"1995, 1999, 2003, 2006, 2010, 2015","1995, 1999, 2003, 2006, 2010, 2015","1995, 1999, 2003, 2006, 2010, 2015","1995, 1999, 2003, 2006, 2010, 2015",1,0.6,0.6,0.6
CMR,Cameroon,"1995, 1996, 2000, 2006, 2010, 2018","1995, 1996, 2000, 2006, 2010, 2018","1995, 1996, 2000, 2006, 2010, 2018","1995, 1996, 2000, 2006, 2010, 2018",0.6,0.3,0.3,0.6
CAN,Canada,"1996, 1997, 1998, 1999, 2000, 2001, 2002, 2003, 2004, 2005, 2006, 2007, 2008, 2009, 2010 ,2011, 2012, 2013, 2014, 2015, 2016, 2017","1996, 1997, 1998, 1999, 2000, 2001, 2002, 2003, 2004, 2005, 2006, 2007, 2008, 2009, 2010 ,2011, 2012, 2013, 2014, 2015, 2016, 2017","1996, 1997, 1998, 1999, 2000, 2001, 2002, 2003, 2004, 2005, 2006, 2007, 2008, 2009, 2010 ,2011, 2012, 2013, 2014, 2015, 2016, 2017","1996, 1997, 1998, 1999, 2000, 2001, 2002, 2003, 2004, 2005, 2006, 2007, 2008, 2009, 2010 ,2011, 2012, 2013, 2014, 2015, 2016, 2017",1,1,1,1
CAF,Central African Republic,"1987, 1996, 2000, 2005, 2010, 2016","1987, 1996, 2000, 2005, 2010, 2016","1987, 1996, 2000, 2005, 2010, 2016","1987, 1996, 2000, 2005, 2010, 2016",0.3,0.6,0.6,0.6
TCD,Chad,NA,NA,NA,NA,0,0,0,0
CHL,Chile,2005,2005,2005,2005,0,0,0,0
CHN,China,"1998, 2000, 2005, 2010, 2014","1998, 2000, 2005, 2010, 2014","1998, 2000, 2005, 2010, 2014","1998, 2000, 2005, 2010, 2014",0.6,0.6,0.6,0.6
COL,Colombia,1995,1995,1995,1995,0,0,0,0
COM,Comoros,"1986, 1990, 1995, 2000, 2005, 2010, 2015","1986, 1990, 1995, 2000, 2005, 2010, 2015","1986, 1990, 1995, 2000, 2005, 2010, 2015","1986, 1990, 1995, 2000, 2005, 2010, 2015",0.6,0.6,0.6,0.6
COD,"Congo, Dem. Rep.","1997, 2000, 2003, 2004, 2010, 2014, 2019","1997, 2000, 2003, 2004, 2010, 2014, 2019","1997, 2000, 2003, 2004, 2010, 2014, 2019","1997, 2000, 2003, 2004, 2010, 2014, 2019",0.6,0.6,0.6,0.6
COG,"Congo, Rep.",NA,NA,NA,NA,0,0,0,0
CRI,Costa Rica,"1995, 2001, 2007, 2010, 2013, 2017","1995, 2001, 2007, 2010, 2013, 2017","1995, 2001, 2007, 2010, 2013, 2017","1995, 2001, 2007, 2010, 2013, 2017",1,1,1,1
CIV,Cote d'Ivoire,"1991, 1998, 2000, 2004, 2006, 2011, 2014, 2018","1991, 1998, 2000, 2004, 2006, 2011, 2014, 2018","1991, 1998, 2000, 2004, 2006, 2011, 2014, 2018","1991, 1998, 2000, 2004, 2006, 2011, 2014, 2018",1,0.6,0.6,1
NA,Côte d'Ivoire,"1998, 1999, 2000, 2003, 2006, 2011, 2012, 2016","1998, 1999, 2000, 2003, 2006, 2011, 2012, 2016","1998, 1999, 2000, 2003, 2006, 2011, 2012, 2016","1998, 1999, 2000, 2003, 2006, 2011, 2012, 2016",1,1,1,1
HRV,Croatia,"1996, 1999, 2005, 2012, 2016, 2018","1996, 1999, 2005, 2012, 2016, 2018","1996, 1999, 2005, 2012, 2016, 2018","1996, 1999, 2005, 2012, 2016, 2018",0.3,0.6,0.6,1
CYP,Cyprus,"1996, 1997, 1998, 1999, 2000, 2001, 2002, 2003, 2004, 2005, 2006, 2007, 2008, 2009, 2010 ,2011, 2012, 2013, 2014, 2015, 2016, 2017","1996, 1997, 1998, 1999, 2000, 2001, 2002, 2003, 2004, 2005, 2006, 2007, 2008, 2009, 2010 ,2011, 2012, 2013, 2014, 2015, 2016, 2017","1996, 1997, 1998, 1999, 2000, 2001, 2002, 2003, 2004, 2005, 2006, 2007, 2008, 2009, 2010 ,2011, 2012, 2013, 2014, 2015, 2016, 2017","1996, 1997, 1998, 1999, 2000, 2001, 2002, 2003, 2004, 2005, 2006, 2007, 2008, 2009, 2010 ,2011, 2012, 2013, 2014, 2015, 2016, 2017",1,1,1,1
CZE,Czech Republic,"1996, 1997, 1998, 1999, 2000, 2001, 2002, 2003, 2004, 2005, 2006, 2007, 2008, 2009, 2010 ,2011, 2012, 2013, 2014, 2015, 2016, 2017","1996, 1997, 1998, 1999, 2000, 2001, 2002, 2003, 2004, 2005, 2006, 2007, 2008, 2009, 2010 ,2011, 2012, 2013, 2014, 2015, 2016, 2017","1996, 1997, 1998, 1999, 2000, 2001, 2002, 2003, 2004, 2005, 2006, 2007, 2008, 2009, 2010 ,2011, 2012, 2013, 2014, 2015, 2016, 2017","1996, 1997, 1998, 1999, 2000, 2001, 2002, 2003, 2004, 2005, 2006, 2007, 2008, 2009, 2010 ,2011, 2012, 2013, 2014, 2015, 2016, 2017",1,1,1,1
DNK,Denmark,"1996, 1997, 1998, 1999, 2000, 2001, 2002, 2003, 2004, 2005, 2006, 2007, 2008, 2009, 2010 ,2011, 2012, 2013, 2014, 2015, 2016, 2017","1996, 1997, 1998, 1999, 2000, 2001, 2002, 2003, 2004, 2005, 2006, 2007, 2008, 2009, 2010 ,2011, 2012, 2013, 2014, 2015, 2016, 2017","1996, 1997, 1998, 1999, 2000, 2001, 2002, 2003, 2004, 2005, 2006, 2007, 2008, 2009, 2010 ,2011, 2012, 2013, 2014, 2015, 2016, 2017","1996, 1997, 1998, 1999, 2000, 2001, 2002, 2003, 2004, 2005, 2006, 2007, 2008, 2009, 2010 ,2011, 2012, 2013, 2014, 2015, 2016, 2017",1,1,1,1
DJI,Djibouti,"2003, 2005, 2011, 2014","2003, 2005, 2011, 2014","2003, 2005, 2011, 2014","2003, 2005, 2011, 2014",0.6,0.6,0.6,0.6
DMA,Dominica,"2011, 2018","2011, 2018","2011, 2018","2011, 2018",0.3,0.3,0.3,0.6
DOM,Dominican Republic,"1994, 1996, 1999, 2000, 2003, 2006, 2012, 2016","1994, 1996, 1999, 2000, 2003, 2006, 2012, 2016","1994, 1996, 1999, 2000, 2003, 2006, 2012, 2016","1994, 1996, 1999, 2000, 2003, 2006, 2012, 2016",0.6,0.6,0.6,0.6
ECU,Ecuador,2006,2006,2006,2006,0.3,0,0,0
EGY,"Egypt, Arab Rep.",NA,NA,NA,NA,0,0,0,0
SLV,El Salvador,NA,NA,NA,NA,0,0,0,0
GNQ,Equatorial Guinea,"1996, 2000, 2005, 2010, 2013, 2018, 2019","1996, 2000, 2005, 2010, 2013, 2018, 2019","1996, 2000, 2005, 2010, 2013, 2018, 2019","1996, 2000, 2005, 2010, 2013, 2018, 2019",0.6,0.6,0.6,1
ERI,Eritrea,"1986, 1991, 1996, 1999, 2000, 2002, 2003, 2007, 2013, 2014, 2019","1986, 1991, 1996, 1999, 2000, 2002, 2003, 2007, 2013, 2014, 2019","1986, 1991, 1996, 1999, 2000, 2002, 2003, 2007, 2013, 2014, 2019","1986, 1991, 1996, 1999, 2000, 2002, 2003, 2007, 2013, 2014, 2019",1,1,0.6,0.6
EST,Estonia,"1996, 1997, 1998, 1999, 2000, 2001, 2002, 2003, 2004, 2005, 2006, 2007, 2008, 2009, 2010 ,2011, 2012, 2013, 2014, 2015, 2016, 2017","1996, 1997, 1998, 1999, 2000, 2001, 2002, 2003, 2004, 2005, 2006, 2007, 2008, 2009, 2010 ,2011, 2012, 2013, 2014, 2015, 2016, 2017","1996, 1997, 1998, 1999, 2000, 2001, 2002, 2003, 2004, 2005, 2006, 2007, 2008, 2009, 2010 ,2011, 2012, 2013, 2014, 2015, 2016, 2017","1996, 1997, 1998, 1999, 2000, 2001, 2002, 2003, 2004, 2005, 2006, 2007, 2008, 2009, 2010 ,2011, 2012, 2013, 2014, 2015, 2016, 2017",1,1,1,1
SWZ,Eswatini,"1987, 2006","1987, 2006","1987, 2006","1987, 2006",0.3,0,0,0
ETH,Ethiopia,"1987, 2003","1987, 2003","1987, 2003","1987, 2003",0,0,0,0
FJI,Fiji,"1988, 1992, 2005, 2008, 2014","1988, 1992, 2005, 2008, 2014","1988, 1992, 2005, 2008, 2014","1988, 1992, 2005, 2008, 2014",0.6,0.6,0.6,0.3
FIN,Finland,"1996, 1997, 1998, 1999, 2000, 2001, 2002, 2003, 2004, 2005, 2006, 2007, 2008, 2009, 2010 ,2011, 2012, 2013, 2014, 2015, 2016, 2017","1996, 1997, 1998, 1999, 2000, 2001, 2002, 2003, 2004, 2005, 2006, 2007, 2008, 2009, 2010 ,2011, 2012, 2013, 2014, 2015, 2016, 2017","1996, 1997, 1998, 1999, 2000, 2001, 2002, 2003, 2004, 2005, 2006, 2007, 2008, 2009, 2010 ,2011, 2012, 2013, 2014, 2015, 2016, 2017","1996, 1997, 1998, 1999, 2000, 2001, 2002, 2003, 2004, 2005, 2006, 2007, 2008, 2009, 2010 ,2011, 2012, 2013, 2014, 2015, 2016, 2017",1,1,1,1
FRA,France,"1996, 1997, 1998, 1999, 2000, 2001, 2002, 2003, 2004, 2005, 2006, 2007, 2008, 2009, 2010 ,2011, 2012, 2013, 2014, 2015, 2016, 2017","1996, 1997, 1998, 1999, 2000, 2001, 2002, 2003, 2004, 2005, 2006, 2007, 2008, 2009, 2010 ,2011, 2012, 2013, 2014, 2015, 2016, 2017","1996, 1997, 1998, 1999, 2000, 2001, 2002, 2003, 2004, 2005, 2006, 2007, 2008, 2009, 2010 ,2011, 2012, 2013, 2014, 2015, 2016, 2017","1996, 1997, 1998, 1999, 2000, 2001, 2002, 2003, 2004, 2005, 2006, 2007, 2008, 2009, 2010 ,2011, 2012, 2013, 2014, 2015, 2016, 2017",1,1,1,1
GAB,Gabon,"2000, 2011","2000, 2011","2000, 2011","2000, 2011",0.3,0.3,0.3,0.3
GMB,"Gambia, The",NA,NA,NA,NA,0,0,0,0
GEO,Georgia,2002,2002,2002,2002,0,0,0,0
DEU,Germany,"1996, 1997, 1998, 1999, 2000, 2001, 2002, 2003, 2004, 2005, 2006, 2007, 2008, 2009, 2010 ,2011, 2012, 2013, 2014, 2015, 2016, 2017","1996, 1997, 1998, 1999, 2000, 2001, 2002, 2003, 2004, 2005, 2006, 2007, 2008, 2009, 2010 ,2011, 2012, 2013, 2014, 2015, 2016, 2017","1996, 1997, 1998, 1999, 2000, 2001, 2002, 2003, 2004, 2005, 2006, 2007, 2008, 2009, 2010 ,2011, 2012, 2013, 2014, 2015, 2016, 2017","1996, 1997, 1998, 1999, 2000, 2001, 2002, 2003, 2004, 2005, 2006, 2007, 2008, 2009, 2010 ,2011, 2012, 2013, 2014, 2015, 2016, 2017",1,1,1,1
GHA,Ghana,"1995, 2000, 2003, 2006, 2010, 2014","1995, 2000, 2003, 2006, 2010, 2014","1995, 2000, 2003, 2006, 2010, 2014","1995, 2000, 2003, 2006, 2010, 2014",1,0.6,0.6,0.6
GRC,Greece,"1996, 1997, 1998, 1999, 2000, 2001, 2002, 2003, 2004, 2005, 2006, 2007, 2008, 2009, 2010 ,2011, 2012, 2013, 2014, 2015, 2016, 2017","1996, 1997, 1998, 1999, 2000, 2001, 2002, 2003, 2004, 2005, 2006, 2007, 2008, 2009, 2010 ,2011, 2012, 2013, 2014, 2015, 2016, 2017","1996, 1997, 1998, 1999, 2000, 2001, 2002, 2003, 2004, 2005, 2006, 2007, 2008, 2009, 2010 ,2011, 2012, 2013, 2014, 2015, 2016, 2017","1996, 1997, 1998, 1999, 2000, 2001, 2002, 2003, 2004, 2005, 2006, 2007, 2008, 2009, 2010 ,2011, 2012, 2013, 2014, 2015, 2016, 2017",1,1,1,1
GRD,Grenada,"1999, 2003, 2005, 2018","1999, 2003, 2005, 2018","1999, 2003, 2005, 2018","1999, 2003, 2005, 2018",0,0,0,0.3
GTM,Guatemala,"1988, 1994, 1995, 1999, 2006, 2008, 2011, 2014, 2017","1988, 1994, 1995, 1999, 2006, 2008, 2011, 2014, 2017","1988, 1994, 1995, 1999, 2006, 2008, 2011, 2014, 2017","1988, 1994, 1995, 1999, 2006, 2008, 2011, 2014, 2017",1,1,1,1
GIN,Guinea,"1995, 2000, 2003, 2005, 2011, 2016","1995, 2000, 2003, 2005, 2011, 2016","1995, 2000, 2003, 2005, 2011, 2016","1995, 2000, 2003, 2005, 2011, 2016",0.3,0.6,0.6,0.6
GNB,Guinea-Bissau,"1996, 2000, 2012, 2019","1996, 2000, 2012, 2019","1996, 2000, 2012, 2019","1996, 2000, 2012, 2019",0.3,0.3,0.3,0.3
GUY,Guyana,NA,NA,NA,NA,0,0,0,0
HTI,Haiti,"1996, 2002, 2006, 2010, 2014, 2018","1996, 2002, 2006, 2010, 2014, 2018","1996, 2002, 2006, 2010, 2014, 2018","1996, 2002, 2006, 2010, 2014, 2018",1,0.6,0.6,1
HND,Honduras,"1987, 1995, 2003, 2014","1987, 1995, 2003, 2014","1987, 1995, 2003, 2014","1987, 1995, 2003, 2014",0.3,0.3,0.3,0.3
HUN,Hungary,"1996, 1997, 1998, 1999, 2000, 2001, 2002, 2003, 2004, 2005, 2006, 2007, 2008, 2009, 2010 ,2011, 2012, 2013, 2014, 2015, 2016, 2017","1996, 1997, 1998, 1999, 2000, 2001, 2002, 2003, 2004, 2005, 2006, 2007, 2008, 2009, 2010 ,2011, 2012, 2013, 2014, 2015, 2016, 2017","1996, 1997, 1998, 1999, 2000, 2001, 2002, 2003, 2004, 2005, 2006, 2007, 2008, 2009, 2010 ,2011, 2012, 2013, 2014, 2015, 2016, 2017","1996, 1997, 1998, 1999, 2000, 2001, 2002, 2003, 2004, 2005, 2006, 2007, 2008, 2009, 2010 ,2011, 2012, 2013, 2014, 2015, 2016, 2017",1,1,1,1
ISL,Iceland,"1996, 1997, 1998, 1999, 2000, 2001, 2002, 2003, 2004, 2005, 2006, 2007, 2008, 2009, 2010 ,2011, 2012, 2013, 2014, 2015, 2016, 2017","1996, 1997, 1998, 1999, 2000, 2001, 2002, 2003, 2004, 2005, 2006, 2007, 2008, 2009, 2010 ,2011, 2012, 2013, 2014, 2015, 2016, 2017","1996, 1997, 1998, 1999, 2000, 2001, 2002, 2003, 2004, 2005, 2006, 2007, 2008, 2009, 2010 ,2011, 2012, 2013, 2014, 2015, 2016, 2017","1996, 1997, 1998, 1999, 2000, 2001, 2002, 2003, 2004, 2005, 2006, 2007, 2008, 2009, 2010 ,2011, 2012, 2013, 2014, 2015, 2016, 2017",1,1,1,1
IND,India,"1995, 2000, 2005, 2012, 2016","1995, 2000, 2005, 2012, 2016","1995, 2000, 2005, 2012, 2016","1995, 2000, 2005, 2012, 2016",0.3,0.6,0.6,0.6
IDN,Indonesia,"2000, 2006, 2009, 2014, 2019","2000, 2006, 2009, 2014, 2019","2000, 2006, 2009, 2014, 2019","2000, 2006, 2009, 2014, 2019",1,0.6,0.6,0.6
IRN,"Iran, Islamic Rep.","2005, 2011, 2019","2005, 2011, 2019","2005, 2011, 2019","2005, 2011, 2019",0.3,0.3,0.3,0.3
IRQ,Iraq,"1993, 1996, 1999, 2000, 2003, 2019","1993, 1996, 1999, 2000, 2003, 2019","1993, 1996, 1999, 2000, 2003, 2019","1993, 1996, 1999, 2000, 2003, 2019",0,0,0,0
IRL,Ireland,"1996, 1997, 1998, 1999, 2000, 2001, 2002, 2003, 2004, 2005, 2006, 2007, 2008, 2009, 2010 ,2011, 2012, 2013, 2014, 2015, 2016, 2017","1996, 1997, 1998, 1999, 2000, 2001, 2002, 2003, 2004, 2005, 2006, 2007, 2008, 2009, 2010 ,2011, 2012, 2013, 2014, 2015, 2016, 2017","1996, 1997, 1998, 1999, 2000, 2001, 2002, 2003, 2004, 2005, 2006, 2007, 2008, 2009, 2010 ,2011, 2012, 2013, 2014, 2015, 2016, 2017","1996, 1997, 1998, 1999, 2000, 2001, 2002, 2003, 2004, 2005, 2006, 2007, 2008, 2009, 2010 ,2011, 2012, 2013, 2014, 2015, 2016, 2017",1,1,1,1
ISR,Israel,"1996, 1997, 1998, 1999, 2000, 2001, 2002, 2003, 2004, 2005, 2006, 2007, 2008, 2009, 2010 ,2011, 2012, 2013, 2014, 2015, 2016, 2017","1996, 1997, 1998, 1999, 2000, 2001, 2002, 2003, 2004, 2005, 2006, 2007, 2008, 2009, 2010 ,2011, 2012, 2013, 2014, 2015, 2016, 2017","1996, 1997, 1998, 1999, 2000, 2001, 2002, 2003, 2004, 2005, 2006, 2007, 2008, 2009, 2010 ,2011, 2012, 2013, 2014, 2015, 2016, 2017","1996, 1997, 1998, 1999, 2000, 2001, 2002, 2003, 2004, 2005, 2006, 2007, 2008, 2009, 2010 ,2011, 2012, 2013, 2014, 2015, 2016, 2017",1,1,1,1
ITA,Italy,"1996, 1997, 1998, 1999, 2000, 2001, 2002, 2003, 2004, 2005, 2006, 2007, 2008, 2009, 2010 ,2011, 2012, 2013, 2014, 2015, 2016, 2017","1996, 1997, 1998, 1999, 2000, 2001, 2002, 2003, 2004, 2005, 2006, 2007, 2008, 2009, 2010 ,2011, 2012, 2013, 2014, 2015, 2016, 2017","1996, 1997, 1998, 1999, 2000, 2001, 2002, 2003, 2004, 2005, 2006, 2007, 2008, 2009, 2010 ,2011, 2012, 2013, 2014, 2015, 2016, 2017","1996, 1997, 1998, 1999, 2000, 2001, 2002, 2003, 2004, 2005, 2006, 2007, 2008, 2009, 2010 ,2011, 2012, 2013, 2014, 2015, 2016, 2017",1,1,1,1
JAM,Jamaica,"1987, 1991, 1994, 1996, 1997, 2002, 2007, 2012, 2017","1987, 1991, 1994, 1996, 1997, 2002, 2007, 2012, 2017","1987, 1991, 1994, 1996, 1997, 2002, 2007, 2012, 2017","1987, 1991, 1994, 1996, 1997, 2002, 2007, 2012, 2017",0.6,0.6,0.6,0.6
JPN,Japan,"1996, 1997, 1998, 1999, 2000, 2001, 2002, 2003, 2004, 2005, 2006, 2007, 2008, 2009, 2010 ,2011, 2012, 2013, 2014, 2015, 2016, 2017","1996, 1997, 1998, 1999, 2000, 2001, 2002, 2003, 2004, 2005, 2006, 2007, 2008, 2009, 2010 ,2011, 2012, 2013, 2014, 2015, 2016, 2017","1996, 1997, 1998, 1999, 2000, 2001, 2002, 2003, 2004, 2005, 2006, 2007, 2008, 2009, 2010 ,2011, 2012, 2013, 2014, 2015, 2016, 2017","1996, 1997, 1998, 1999, 2000, 2001, 2002, 2003, 2004, 2005, 2006, 2007, 2008, 2009, 2010 ,2011, 2012, 2013, 2014, 2015, 2016, 2017",1,1,1,1
JOR,Jordan,"1995, 1997, 2000","1995, 1997, 2000","1995, 1997, 2000","1995, 1997, 2000",0,0,0,0
KAZ,Kazakhstan,"1996, 2000, 2006, 2011, 2018","1996, 2000, 2006, 2011, 2018","1996, 2000, 2006, 2011, 2018","1996, 2000, 2006, 2011, 2018",0.6,0.3,0.3,0.6
KEN,Kenya,"2005, 2011","2005, 2011","2005, 2011","2005, 2011",0.3,0.3,0.3,0.3
KIR,Kiribati,"1989, 1993, 1998, 2000, 2007, 2008, 2014","1989, 1993, 1998, 2000, 2007, 2008, 2014","1989, 1993, 1998, 2000, 2007, 2008, 2014","1989, 1993, 1998, 2000, 2007, 2008, 2014",1,1,0.6,0.3
KOR,"Korea, Rep.","1996, 1997, 1998, 1999, 2000, 2001, 2002, 2003, 2004, 2005, 2006, 2007, 2008, 2009, 2010 ,2011, 2012, 2013, 2014, 2015, 2016, 2017","1996, 1997, 1998, 1999, 2000, 2001, 2002, 2003, 2004, 2005, 2006, 2007, 2008, 2009, 2010 ,2011, 2012, 2013, 2014, 2015, 2016, 2017","1996, 1997, 1998, 1999, 2000, 2001, 2002, 2003, 2004, 2005, 2006, 2007, 2008, 2009, 2010 ,2011, 2012, 2013, 2014, 2015, 2016, 2017","1996, 1997, 1998, 1999, 2000, 2001, 2002, 2003, 2004, 2005, 2006, 2007, 2008, 2009, 2010 ,2011, 2012, 2013, 2014, 2015, 2016, 2017",1,1,1,1
XKX,Kosovo,"1996, 1997, 2000, 2002, 2006, 2010, 2013","1996, 1997, 2000, 2002, 2006, 2010, 2013","1996, 1997, 2000, 2002, 2006, 2010, 2013","1996, 1997, 2000, 2002, 2006, 2010, 2013",1,0.6,0.6,0.6
KWT,Kuwait,NA,NA,NA,NA,0,0,0,0
KGZ,Kyrgyz Republic,"1990, 1997, 2009","1990, 1997, 2009","1990, 1997, 2009","1990, 1997, 2009",0.3,0.3,0.3,0.3
LAO,Lao PDR,"2013, 2019","2013, 2019","2013, 2019","2013, 2019",0.3,0.3,0.3,0.3
LVA,Latvia,"1996, 1997, 1998, 1999, 2000, 2001, 2002, 2003, 2004, 2005, 2006, 2007, 2008, 2009, 2010 ,2011, 2012, 2013, 2014, 2015, 2016, 2017","1996, 1997, 1998, 1999, 2000, 2001, 2002, 2003, 2004, 2005, 2006, 2007, 2008, 2009, 2010 ,2011, 2012, 2013, 2014, 2015, 2016, 2017","1996, 1997, 1998, 1999, 2000, 2001, 2002, 2003, 2004, 2005, 2006, 2007, 2008, 2009, 2010 ,2011, 2012, 2013, 2014, 2015, 2016, 2017","1996, 1997, 1998, 1999, 2000, 2001, 2002, 2003, 2004, 2005, 2006, 2007, 2008, 2009, 2010 ,2011, 2012, 2013, 2014, 2015, 2016, 2017",1,1,1,1
LBN,Lebanon,"1995, 1997, 2005, 2012, 2014, 2018","1995, 1997, 2005, 2012, 2014, 2018","1995, 1997, 2005, 2012, 2014, 2018","1995, 1997, 2005, 2012, 2014, 2018",0.6,0.6,0.6,1
LSO,Lesotho,2003,2003,2003,2003,0,0,0,0
LBR,Liberia,"1996, 2000, 2003, 2006, 2017","1996, 2000, 2003, 2006, 2017","1996, 2000, 2003, 2006, 2017","1996, 2000, 2003, 2006, 2017",0.3,0,0.3,0.3
LBY,Libya,2006,2006,2006,2006,0.3,0,0,0
LTU,Lithuania,"1996, 1997, 1998, 1999, 2000, 2001, 2002, 2003, 2004, 2005, 2006, 2007, 2008, 2009, 2010 ,2011, 2012, 2013, 2014, 2015, 2016, 2017","1996, 1997, 1998, 1999, 2000, 2001, 2002, 2003, 2004, 2005, 2006, 2007, 2008, 2009, 2010 ,2011, 2012, 2013, 2014, 2015, 2016, 2017","1996, 1997, 1998, 1999, 2000, 2001, 2002, 2003, 2004, 2005, 2006, 2007, 2008, 2009, 2010 ,2011, 2012, 2013, 2014, 2015, 2016, 2017","1996, 1997, 1998, 1999, 2000, 2001, 2002, 2003, 2004, 2005, 2006, 2007, 2008, 2009, 2010 ,2011, 2012, 2013, 2014, 2015, 2016, 2017",1,1,1,1
LUX,Luxembourg,"1996, 1997, 1998, 1999, 2000, 2001, 2002, 2003, 2004, 2005, 2006, 2007, 2008, 2009, 2010 ,2011, 2012, 2013, 2014, 2015, 2016, 2017","1996, 1997, 1998, 1999, 2000, 2001, 2002, 2003, 2004, 2005, 2006, 2007, 2008, 2009, 2010 ,2011, 2012, 2013, 2014, 2015, 2016, 2017","1996, 1997, 1998, 1999, 2000, 2001, 2002, 2003, 2004, 2005, 2006, 2007, 2008, 2009, 2010 ,2011, 2012, 2013, 2014, 2015, 2016, 2017","1996, 1997, 1998, 1999, 2000, 2001, 2002, 2003, 2004, 2005, 2006, 2007, 2008, 2009, 2010 ,2011, 2012, 2013, 2014, 2015, 2016, 2017",1,1,1,1
NA,"Macedonia, FYR",NA,NA,NA,NA,0,0,0,0
MDG,Madagascar,"1992, 1995, 2000, 2004, 2006, 2010, 2013, 2015, 2019","1992, 1995, 2000, 2004, 2006, 2010, 2013, 2015, 2019","1992, 1995, 2000, 2004, 2006, 2010, 2013, 2015, 2019","1992, 1995, 2000, 2004, 2006, 2010, 2013, 2015, 2019",1,1,1,1
MWI,Malawi,"1987, 1992, 1995, 2003","1987, 1992, 1995, 2003","1987, 1992, 1995, 2003","1987, 1992, 1995, 2003",0,0,0,0
MYS,Malaysia,"1995, 1997, 2004, 2008, 2011","1995, 1997, 2004, 2008, 2011","1995, 1997, 2004, 2008, 2011","1995, 1997, 2004, 2008, 2011",0.6,0.6,0.6,0.3
MDV,Maldives,NA,NA,NA,NA,0,0,0,0
MLI,Mali,"1995, 2000, 2004, 2007, 2011, 2015, 2019","1995, 2000, 2004, 2007, 2011, 2015, 2019","1995, 2000, 2004, 2007, 2011, 2015, 2019","1995, 2000, 2004, 2007, 2011, 2015, 2019",1,1,0.6,0.6
MLT,Malta,"1996, 1997, 1998, 1999, 2000, 2001, 2002, 2003, 2004, 2005, 2006, 2007, 2008, 2009, 2010 ,2011, 2012, 2013, 2014, 2015, 2016, 2017","1996, 1997, 1998, 1999, 2000, 2001, 2002, 2003, 2004, 2005, 2006, 2007, 2008, 2009, 2010 ,2011, 2012, 2013, 2014, 2015, 2016, 2017","1996, 1997, 1998, 1999, 2000, 2001, 2002, 2003, 2004, 2005, 2006, 2007, 2008, 2009, 2010 ,2011, 2012, 2013, 2014, 2015, 2016, 2017","1996, 1997, 1998, 1999, 2000, 2001, 2002, 2003, 2004, 2005, 2006, 2007, 2008, 2009, 2010 ,2011, 2012, 2013, 2014, 2015, 2016, 2017",1,1,1,1
MHL,Marshall Islands,"1987, 1995, 1996, 2001, 2006, 2009, 2012, 2015, 2018","1987, 1995, 1996, 2001, 2006, 2009, 2012, 2015, 2018","1987, 1995, 1996, 2001, 2006, 2009, 2012, 2015, 2018","1987, 1995, 1996, 2001, 2006, 2009, 2012, 2015, 2018",1,1,1,1
MRT,Mauritania,"1996, 2000, 2005, 2010, 2013, 2018","1996, 2000, 2005, 2010, 2013, 2018","1996, 2000, 2005, 2010, 2013, 2018","1996, 2000, 2005, 2010, 2013, 2018",0.6,0.6,0.6,1
MUS,Mauritius,"2005, 2013, 2018","2005, 2013, 2018","2005, 2013, 2018","2005, 2013, 2018",0.3,0.3,0.3,0.6
MEX,Mexico,"1995, 2001, 2009, 2016","1995, 2001, 2009, 2016","1995, 2001, 2009, 2016","1995, 2001, 2009, 2016",0.3,0.6,0.6,0.6
FSM,"Micronesia, Fed. Sts.","1985, 2008, 2014","1985, 2008, 2014","1985, 2008, 2014","1985, 2008, 2014",0.6,0.6,0.6,0.3
MDA,Moldova,"1992, 1995, 1997, 2000, 2003, 2008, 2018","1992, 1995, 1997, 2000, 2003, 2008, 2018","1992, 1995, 1997, 2000, 2003, 2008, 2018","1992, 1995, 1997, 2000, 2003, 2008, 2018",0.3,0.3,0.3,0.3
MNG,Mongolia,NA,NA,NA,NA,0,0,0,0
MNE,Montenegro,"1987, 2015","1987, 2015","1987, 2015","1987, 2015",0.3,0.3,0.3,0.3
MAR,Morocco,"1999, 2005, 2011, 2018","1999, 2005, 2011, 2018","1999, 2005, 2011, 2018","1999, 2005, 2011, 2018",0.3,0.3,0.3,0.6
MOZ,Mozambique,"2000, 2005, 2012","2000, 2005, 2012","2000, 2005, 2012","2000, 2005, 2012",0.3,0.3,0.3,0.3
MMR,Myanmar,NA,NA,NA,NA,0,0,0,0
NAM,Namibia,"1995, 2000, 2009, 2015","1995, 2000, 2009, 2015","1995, 2000, 2009, 2015","1995, 2000, 2009, 2015",0.6,0.6,0.6,0.6
NRU,Nauru,"1992, 1996, 1998, 2000, 2006, 2012, 2017","1992, 1996, 1998, 2000, 2006, 2012, 2017","1992, 1996, 1998, 2000, 2006, 2012, 2017","1992, 1996, 1998, 2000, 2006, 2012, 2017",0.6,0.3,0.6,0.6
NPL,Nepal,"1998, 2001","1998, 2001","1998, 2001","1998, 2001",0,0,0,0
NLD,Netherlands,"1996, 1997, 1998, 1999, 2000, 2001, 2002, 2003, 2004, 2005, 2006, 2007, 2008, 2009, 2010 ,2011, 2012, 2013, 2014, 2015, 2016, 2017","1996, 1997, 1998, 1999, 2000, 2001, 2002, 2003, 2004, 2005, 2006, 2007, 2008, 2009, 2010 ,2011, 2012, 2013, 2014, 2015, 2016, 2017","1996, 1997, 1998, 1999, 2000, 2001, 2002, 2003, 2004, 2005, 2006, 2007, 2008, 2009, 2010 ,2011, 2012, 2013, 2014, 2015, 2016, 2017","1996, 1997, 1998, 1999, 2000, 2001, 2002, 2003, 2004, 2005, 2006, 2007, 2008, 2009, 2010 ,2011, 2012, 2013, 2014, 2015, 2016, 2017",1,1,1,1
NZL,New Zealand,"1996, 1997, 1998, 1999, 2000, 2001, 2002, 2003, 2004, 2005, 2006, 2007, 2008, 2009, 2010 ,2011, 2012, 2013, 2014, 2015, 2016, 2017","1996, 1997, 1998, 1999, 2000, 2001, 2002, 2003, 2004, 2005, 2006, 2007, 2008, 2009, 2010 ,2011, 2012, 2013, 2014, 2015, 2016, 2017","1996, 1997, 1998, 1999, 2000, 2001, 2002, 2003, 2004, 2005, 2006, 2007, 2008, 2009, 2010 ,2011, 2012, 2013, 2014, 2015, 2016, 2017","1996, 1997, 1998, 1999, 2000, 2001, 2002, 2003, 2004, 2005, 2006, 2007, 2008, 2009, 2010 ,2011, 2012, 2013, 2014, 2015, 2016, 2017",1,1,1,1
NIC,Nicaragua,"1995, 1996, 2001, 2006, 2011, 2014, 2016, 2019","1995, 1996, 2001, 2006, 2011, 2014, 2016, 2019","1995, 1996, 2001, 2006, 2011, 2014, 2016, 2019","1995, 1996, 2001, 2006, 2011, 2014, 2016, 2019",1,1,1,1
NER,Niger,"1992, 2000, 2006, 2013","1992, 2000, 2006, 2013","1992, 2000, 2006, 2013","1992, 2000, 2006, 2013",0.6,0.3,0.3,0.3
NGA,Nigeria,NA,NA,NA,NA,0,0,0,0
NOR,Norway,"1996, 1997, 1998, 1999, 2000, 2001, 2002, 2003, 2004, 2005, 2006, 2007, 2008, 2009, 2010 ,2011, 2012, 2013, 2014, 2015, 2016, 2017","1996, 1997, 1998, 1999, 2000, 2001, 2002, 2003, 2004, 2005, 2006, 2007, 2008, 2009, 2010 ,2011, 2012, 2013, 2014, 2015, 2016, 2017","1996, 1997, 1998, 1999, 2000, 2001, 2002, 2003, 2004, 2005, 2006, 2007, 2008, 2009, 2010 ,2011, 2012, 2013, 2014, 2015, 2016, 2017","1996, 1997, 1998, 1999, 2000, 2001, 2002, 2003, 2004, 2005, 2006, 2007, 2008, 2009, 2010 ,2011, 2012, 2013, 2014, 2015, 2016, 2017",1,1,1,1
OMN,Oman,2014,2014,2014,2014,0.3,0.3,0.3,0.3
PAK,Pakistan,"1990, 1995, 2003, 2007, 2008, 2011, 2013, 2014, 2015, 2016, 2018","1990, 1995, 2003, 2007, 2008, 2011, 2013, 2014, 2015, 2016, 2018","1990, 1995, 2003, 2007, 2008, 2011, 2013, 2014, 2015, 2016, 2018","1990, 1995, 2003, 2007, 2008, 2011, 2013, 2014, 2015, 2016, 2018",1,1,1,1
PLW,Palau,2016,2016,2016,2016,0,0.3,0.3,0.3
PAN,Panama,"1990, 1995, 2006, 2012, 2017","1990, 1995, 2006, 2012, 2017","1990, 1995, 2006, 2012, 2017","1990, 1995, 2006, 2012, 2017",0.6,0.3,0.6,0.6
PNG,Papua New Guinea,"1990, 2016","1990, 2016","1990, 2016","1990, 2016",0,0.3,0.3,0.3
PRY,Paraguay,"1993, 1996, 1998, 1999, 2003, 2008, 2013, 2017","1993, 1996, 1998, 1999, 2003, 2008, 2013, 2017","1993, 1996, 1998, 1999, 2003, 2008, 2013, 2017","1993, 1996, 1998, 1999, 2003, 2008, 2013, 2017",0.6,0.6,1,0.6
PER,Peru,NA,NA,NA,NA,0,0,0,0
PHL,Philippines,"1996, 2013","1996, 2013","1996, 2013","1996, 2013",0.3,0.3,0.3,0.3
POL,Poland,"1986, 1991, 1996, 2000, 2018","1986, 1991, 1996, 2000, 2018","1986, 1991, 1996, 2000, 2018","1986, 1991, 1996, 2000, 2018",0,0,0,0.3
PRT,Portugal,"1996, 1997, 1998, 1999, 2000, 2001, 2002, 2003, 2004, 2005, 2006, 2007, 2008, 2009, 2010 ,2011, 2012, 2013, 2014, 2015, 2016, 2017","1996, 1997, 1998, 1999, 2000, 2001, 2002, 2003, 2004, 2005, 2006, 2007, 2008, 2009, 2010 ,2011, 2012, 2013, 2014, 2015, 2016, 2017","1996, 1997, 1998, 1999, 2000, 2001, 2002, 2003, 2004, 2005, 2006, 2007, 2008, 2009, 2010 ,2011, 2012, 2013, 2014, 2015, 2016, 2017","1996, 1997, 1998, 1999, 2000, 2001, 2002, 2003, 2004, 2005, 2006, 2007, 2008, 2009, 2010 ,2011, 2012, 2013, 2014, 2015, 2016, 2017",1,1,1,1
QAT,Qatar,2012,2012,2012,2012,0.3,0.3,0.3,0.3
ROU,Romania,NA,NA,NA,NA,0,0,0,0
RUS,Russian Federation,NA,NA,NA,NA,0,0,0,0
RWA,Rwanda,"1992, 2005, 2010, 2014, 2019","1992, 2005, 2010, 2014, 2019","1992, 2005, 2010, 2014, 2019","1992, 2005, 2010, 2014, 2019",0.6,0.6,0.6,0.6
WSM,Samoa,2000,2000,2000,2000,0,0,0,0
SMR,San Marino,NA,NA,NA,NA,0,0,0,0
STP,Sao Tome and Principe,"1998, 2003, 2016","1998, 2003, 2016","1998, 2003, 2016","1998, 2003, 2016",0,0.3,0.3,0.3
NA,São Tomé and Principe,"2006, 2009, 2014","2006, 2009, 2014","2006, 2009, 2014","2006, 2009, 2014",1,0.6,0.6,0.6
SAU,Saudi Arabia,NA,NA,NA,NA,0,0,0,0
SEN,Senegal,"1996, 2000, 2006, 2008, 2014, 2019","1996, 2000, 2006, 2008, 2014, 2019","1996, 2000, 2006, 2008, 2014, 2019","1996, 2000, 2006, 2008, 2014, 2019",1,0.6,0.6,0.3
SRB,Serbia,NA,NA,NA,NA,0,0,0,0
SYC,Seychelles,NA,NA,NA,NA,0,0,0,0
SLE,Sierra Leone,"2005, 2010, 2014, 2019","2005, 2010, 2014, 2019","2005, 2010, 2014, 2019","2005, 2010, 2014, 2019",0.6,0.6,0.6,0.6
SGP,Singapore,1,1,1,1,0,0,0,0
SVK,Slovak Republic,"1996, 1997, 1998, 1999, 2000, 2001, 2002, 2003, 2004, 2005, 2006, 2007, 2008, 2009, 2010 ,2011, 2012, 2013, 2014, 2015, 2016, 2017","1996, 1997, 1998, 1999, 2000, 2001, 2002, 2003, 2004, 2005, 2006, 2007, 2008, 2009, 2010 ,2011, 2012, 2013, 2014, 2015, 2016, 2017","1996, 1997, 1998, 1999, 2000, 2001, 2002, 2003, 2004, 2005, 2006, 2007, 2008, 2009, 2010 ,2011, 2012, 2013, 2014, 2015, 2016, 2017","1996, 1997, 1998, 1999, 2000, 2001, 2002, 2003, 2004, 2005, 2006, 2007, 2008, 2009, 2010 ,2011, 2012, 2013, 2014, 2015, 2016, 2017",1,1,1,1
SVN,Slovenia,"1996, 1997, 1998, 1999, 2000, 2001, 2002, 2003, 2004, 2005, 2006, 2007, 2008, 2009, 2010 ,2011, 2012, 2013, 2014, 2015, 2016, 2017","1996, 1997, 1998, 1999, 2000, 2001, 2002, 2003, 2004, 2005, 2006, 2007, 2008, 2009, 2010 ,2011, 2012, 2013, 2014, 2015, 2016, 2017","1996, 1997, 1998, 1999, 2000, 2001, 2002, 2003, 2004, 2005, 2006, 2007, 2008, 2009, 2010 ,2011, 2012, 2013, 2014, 2015, 2016, 2017","1996, 1997, 1998, 1999, 2000, 2001, 2002, 2003, 2004, 2005, 2006, 2007, 2008, 2009, 2010 ,2011, 2012, 2013, 2014, 2015, 2016, 2017",1,1,1,1
SLB,Solomon Islands,"1986, 1992, 1996, 1997, 1999, 2000, 2005, 2010","1986, 1992, 1996, 1997, 1999, 2000, 2005, 2010","1986, 1992, 1996, 1997, 1999, 2000, 2005, 2010","1986, 1992, 1996, 1997, 1999, 2000, 2005, 2010",0.3,0.3,0.3,0.3
SOM,Somalia,"1995, 2000, 2005, 2008, 2010, 2013, 2017, 2019","1995, 2000, 2005, 2008, 2010, 2013, 2017, 2019","1995, 2000, 2005, 2008, 2010, 2013, 2017, 2019","1995, 2000, 2005, 2008, 2010, 2013, 2017, 2019",1,1,1,1
ZAF,South Africa,"1991, 1996, 1997, 2006, 2013","1991, 1996, 1997, 2006, 2013","1991, 1996, 1997, 2006, 2013","1991, 1996, 1997, 2006, 2013",0.6,0.3,0.3,0.3
SSD,South Sudan,"2000, 2006","2000, 2006","2000, 2006","2000, 2006",0.3,0,0,0
ESP,Spain,"1996, 1997, 1998, 1999, 2000, 2001, 2002, 2003, 2004, 2005, 2006, 2007, 2008, 2009, 2010 ,2011, 2012, 2013, 2014, 2015, 2016, 2017","1996, 1997, 1998, 1999, 2000, 2001, 2002, 2003, 2004, 2005, 2006, 2007, 2008, 2009, 2010 ,2011, 2012, 2013, 2014, 2015, 2016, 2017","1996, 1997, 1998, 1999, 2000, 2001, 2002, 2003, 2004, 2005, 2006, 2007, 2008, 2009, 2010 ,2011, 2012, 2013, 2014, 2015, 2016, 2017","1996, 1997, 1998, 1999, 2000, 2001, 2002, 2003, 2004, 2005, 2006, 2007, 2008, 2009, 2010 ,2011, 2012, 2013, 2014, 2015, 2016, 2017",1,1,1,1
LKA,Sri Lanka,"1986, 1995, 2007, 2013, 2019","1986, 1995, 2007, 2013, 2019","1986, 1995, 2007, 2013, 2019","1986, 1995, 2007, 2013, 2019",0.6,0.6,0.3,0.3
KNA,St. Kitts and Nevis,"2014, 2018","2014, 2018","2014, 2018","2014, 2018",0.3,0.3,0.3,0.6
LCA,St. Lucia,"1996, 2000, 2004, 2009, 2014, 2018","1996, 2000, 2004, 2009, 2014, 2018","1996, 2000, 2004, 2009, 2014, 2018","1996, 2000, 2004, 2009, 2014, 2018",0.6,0.6,0.6,1
VCT,St. Vincent and the Grenadines,"2000, 2005, 2007, 2012","2000, 2005, 2007, 2012","2000, 2005, 2007, 2012","2000, 2005, 2007, 2012",0.6,0.6,0.3,0.3
SDN,Sudan,"2009, 2019","2009, 2019","2009, 2019","2009, 2019",0.3,0.3,0.3,0.3
SUR,Suriname,2010,2010,2010,2010,0.3,0.3,0.3,0.3
NA,Swaziland,"2010, 20104","2010, 20104","2010, 20104","2010, 20104",0.6,0.6,0.6,0.6
SWE,Sweden,"1996, 1997, 1998, 1999, 2000, 2001, 2002, 2003, 2004, 2005, 2006, 2007, 2008, 2009, 2010 ,2011, 2012, 2013, 2014, 2015, 2016, 2017","1996, 1997, 1998, 1999, 2000, 2001, 2002, 2003, 2004, 2005, 2006, 2007, 2008, 2009, 2010 ,2011, 2012, 2013, 2014, 2015, 2016, 2017","1996, 1997, 1998, 1999, 2000, 2001, 2002, 2003, 2004, 2005, 2006, 2007, 2008, 2009, 2010 ,2011, 2012, 2013, 2014, 2015, 2016, 2017","1996, 1997, 1998, 1999, 2000, 2001, 2002, 2003, 2004, 2005, 2006, 2007, 2008, 2009, 2010 ,2011, 2012, 2013, 2014, 2015, 2016, 2017",1,1,1,1
CHE,Switzerland,"1996, 1997, 1998, 1999, 2000, 2001, 2002, 2003, 2004, 2005, 2006, 2007, 2008, 2009, 2010 ,2011, 2012, 2013, 2014, 2015, 2016, 2017","1996, 1997, 1998, 1999, 2000, 2001, 2002, 2003, 2004, 2005, 2006, 2007, 2008, 2009, 2010 ,2011, 2012, 2013, 2014, 2015, 2016, 2017","1996, 1997, 1998, 1999, 2000, 2001, 2002, 2003, 2004, 2005, 2006, 2007, 2008, 2009, 2010 ,2011, 2012, 2013, 2014, 2015, 2016, 2017","1996, 1997, 1998, 1999, 2000, 2001, 2002, 2003, 2004, 2005, 2006, 2007, 2008, 2009, 2010 ,2011, 2012, 2013, 2014, 2015, 2016, 2017",1,1,1,1
SYR,Syrian Arab Republic,2012,2012,2012,2012,0.3,0.3,0.3,0.3
TJK,Tajikistan,"1995, 2000, 2006","1995, 2000, 2006","1995, 2000, 2006","1995, 2000, 2006",0.3,0,0,0
TZA,Tanzania,"1988, 2000, 2006, 2011, 2018","1988, 2000, 2006, 2011, 2018","1988, 2000, 2006, 2011, 2018","1988, 2000, 2006, 2011, 2018",0.6,0.3,0.3,0.6
THA,Thailand,"1999, 2006, 2010, 2018","1999, 2006, 2010, 2018","1999, 2006, 2010, 2018","1999, 2006, 2010, 2018",0.6,0.3,0.3,0.6
TLS,Timor-Leste,"1991, 1999, 2004, 2010, 2015","1991, 1999, 2004, 2010, 2015","1991, 1999, 2004, 2010, 2015","1991, 1999, 2004, 2010, 2015",0.6,0.6,0.6,0.6
TGO,Togo,"1989, 1995, 2000, 2010, 2014","1989, 1995, 2000, 2010, 2014","1989, 1995, 2000, 2010, 2014","1989, 1995, 2000, 2010, 2014",0.6,0.6,0.6,0.6
TON,Tonga,"1987, 2005, 2012, 2015, 2019","1987, 2005, 2012, 2015, 2019","1987, 2005, 2012, 2015, 2019","1987, 2005, 2012, 2015, 2019",0.6,0.6,0.6,0.6
TTO,Trinidad and Tobago,"2009, 2016","2009, 2016","2009, 2016","2009, 2016",0.3,0.6,0.6,0.6
TUN,Tunisia,"1988, 1996, 1998, 2000, 2006, 2010, 2013, 2017","1988, 1996, 1998, 2000, 2006, 2010, 2013, 2017","1988, 1996, 1998, 2000, 2006, 2010, 2013, 2017","1988, 1996, 1998, 2000, 2006, 2010, 2013, 2017",1,0.6,1,1
TUR,Turkey,2019,2019,2019,2019,0,0,0,0
TKM,Turkmenistan,"2000, 2005, 2012, 2017","2000, 2005, 2012, 2017","2000, 2005, 2012, 2017","2000, 2005, 2012, 2017",0.3,0.3,0.6,0.6
TUV,Tuvalu,"1987, 2000, 2006, 2011","1987, 2000, 2006, 2011","1987, 2000, 2006, 2011","1987, 2000, 2006, 2011",0.6,0.3,0.3,0.3
UGA,Uganda,"1993, 1995, 1998, 2004, 2008, 2012, 2013, 2014, 2016, 2018","1993, 1995, 1998, 2004, 2008, 2012, 2013, 2014, 2016, 2018","1993, 1995, 1998, 2004, 2008, 2012, 2013, 2014, 2016, 2018","1993, 1995, 1998, 2004, 2008, 2012, 2013, 2014, 2016, 2018",1,1,1,1
UKR,Ukraine,"1996, 2000, 2006, 2015, 2019","1996, 2000, 2006, 2015, 2019","1996, 2000, 2006, 2015, 2019","1996, 2000, 2006, 2015, 2019",0.6,0.3,0.3,0.3
ARE,United Arab Emirates,2003,2003,2003,2003,0,0,0,0
GBR,United Kingdom,"1996, 1997, 1998, 1999, 2000, 2001, 2002, 2003, 2004, 2005, 2006, 2007, 2008, 2009, 2010 ,2011, 2012, 2013, 2014, 2015, 2016, 2017","1996, 1997, 1998, 1999, 2000, 2001, 2002, 2003, 2004, 2005, 2006, 2007, 2008, 2009, 2010 ,2011, 2012, 2013, 2014, 2015, 2016, 2017","1996, 1997, 1998, 1999, 2000, 2001, 2002, 2003, 2004, 2005, 2006, 2007, 2008, 2009, 2010 ,2011, 2012, 2013, 2014, 2015, 2016, 2017","1996, 1997, 1998, 1999, 2000, 2001, 2002, 2003, 2004, 2005, 2006, 2007, 2008, 2009, 2010 ,2011, 2012, 2013, 2014, 2015, 2016, 2017",1,1,1,1
USA,United States,"1996, 1997, 1998, 1999, 2000, 2001, 2002, 2003, 2004, 2005, 2006, 2007, 2008, 2009, 2010 ,2011, 2012, 2013, 2014, 2015, 2016, 2017","1996, 1997, 1998, 1999, 2000, 2001, 2002, 2003, 2004, 2005, 2006, 2007, 2008, 2009, 2010 ,2011, 2012, 2013, 2014, 2015, 2016, 2017","1996, 1997, 1998, 1999, 2000, 2001, 2002, 2003, 2004, 2005, 2006, 2007, 2008, 2009, 2010 ,2011, 2012, 2013, 2014, 2015, 2016, 2017","1996, 1997, 1998, 1999, 2000, 2001, 2002, 2003, 2004, 2005, 2006, 2007, 2008, 2009, 2010 ,2011, 2012, 2013, 2014, 2015, 2016, 2017",1,1,1,1
URY,Uruguay,2019,2019,2019,2019,0,0,0,0
UZB,Uzbekistan,"1988, 1995, 2000, 2006, 2011, 2016","1988, 1995, 2000, 2006, 2011, 2016","1988, 1995, 2000, 2006, 2011, 2016","1988, 1995, 2000, 2006, 2011, 2016",0.6,0.6,0.6,0.6
VUT,Vanuatu,"2007, 2013","2007, 2013","2007, 2013","2007, 2013",0.6,0.6,0.3,0.3
VEN,"Venezuela, RB",2012,2012,2012,2012,0.3,0.3,0.3,0.3
VNM,Vietnam,"1996, 2000, 2002, 2006","1996, 2000, 2002, 2006","1996, 2000, 2002, 2006","1996, 2000, 2002, 2006",0.3,0,0,0
PSE,West Bank and Gaza,NA,NA,NA,NA,0,0,0,0
YEM,"Yemen, Rep.","1996, 2004, 2010, 2014, 2019","1996, 2004, 2010, 2014, 2019","1996, 2004, 2010, 2014, 2019","1996, 2004, 2010, 2014, 2019",0.6,0.6,0.6,0.6
ZMB,Zambia,"1992, 1995, 1997, 1999, 2001, 2007, 2013, 2018","1992, 1995, 1997, 1999, 2001, 2007, 2013, 2018","1992, 1995, 1997, 1999, 2001, 2007, 2013, 2018","1992, 1995, 1997, 1999, 2001, 2007, 2013, 2018",0.6,0.6,0.3,0.6
ZWE,Zimbabwe,"1989, 1994, 1999, 2005, 2009, 2010, 2014, 2015, 2019","1989, 1994, 1999, 2005, 2009, 2010, 2014, 2015, 2019","1989, 1994, 1999, 2005, 2009, 2010, 2014, 2015, 2019","1989, 1994, 1999, 2005, 2009, 2010, 2014, 2015, 2019",1,1,1,1
