iso3c,date,iso2c,country,DT.TDS.DPPF.XP.ZS,EG.FEC.RNEW.ZS,EN.ATM.GHGT.KT.CE,ER.H2O.FWST.ZS,ER.PTD.TOTL.ZS,NE.CON.PRVT.CN,NV.IND.MANF.ZS,NY.GNP.MKTP.CN,SH.STA.STNT.ZS,SI.POV.DDAY,SI.SPR.PC40.ZG
ABW,2014,AW,Aruba,NA,6.9275015416327,NA,NA,NA,2902000000,NA,4558900000,NA,NA,NA
ABW,2015,AW,Aruba,NA,6.72674756598399,NA,NA,NA,2789000000,NA,4594700000,NA,NA,NA
ABW,2016,AW,Aruba,NA,NA,NA,NA,0.527983104540655,2655000000,NA,4496000000,NA,NA,NA
AFG,2014,AF,Afghanistan,1.87408144184566,19.3142686133983,NA,43.670393,NA,970354803500,11.477587555803,1176333336400,NA,NA,NA
AFG,2015,AF,Afghanistan,2.81249935032732,18.4234771693218,NA,NA,NA,1035685271000,11.4200060049012,1233810310400,NA,NA,NA
AFG,2016,AF,Afghanistan,3.98940256079933,NA,NA,NA,0.104707040342723,1086061651300,11.3704654336192,1320724136100,NA,NA,NA
AGO,2014,AO,Angola,10.4468857340212,50.7974606805424,NA,0.67913,NA,6369353590300,4.76307157240238,13453892251400,NA,NA,NA
AGO,2015,AO,Angola,15.5805607805043,49.5682103295777,NA,NA,NA,7357941464400,5.6851448644464,13241027545800,37.6,NA,NA
AGO,2016,AO,Angola,25.0073432320233,NA,NA,NA,5.00471334206571,9272025704600,6.7526805695234,15688820326100,NA,NA,NA
ALB,2014,AL,Albania,6.37559017077538,38.6895007576277,NA,6.468265,NA,1127229470000,5.32582121511343,1408205749300,NA,1.9,NA
ALB,2015,AL,Albania,16.9254564198271,38.6152104692153,NA,NA,NA,1157409770000,5.67149063785891,1451207745500,NA,1.3,NA
ALB,2016,AL,Albania,7.22021138768292,NA,NA,NA,13.1477494617734,1192134800000,5.6844235204882,1496455371300,NA,1.1,NA
AND,2014,AD,Andorra,NA,19.8863229427674,NA,0,NA,NA,3.17685956958166,NA,NA,NA,NA
AND,2015,AD,Andorra,NA,19.7478086257358,NA,NA,NA,NA,3.24521127205024,NA,NA,NA,NA
AND,2016,AD,Andorra,NA,NA,NA,NA,21.1909302818394,NA,3.20788592474693,NA,NA,NA,NA
ARE,2014,AE,United Arab Emirates,NA,0.145671401398313,NA,2346.455888,NA,536553501969.692,7.76354640785035,1482941000000,NA,0,NA
ARE,2015,AE,United Arab Emirates,NA,0.137108046073838,NA,NA,NA,465340401072.883,8.83329493762027,1321651000000,NA,NA,NA
ARE,2016,AE,United Arab Emirates,NA,NA,NA,NA,9.23566752233697,474483422088.793,8.98441789806352,1318948000000,NA,NA,NA
ARG,2014,AR,Argentina,11.9784075995466,10.9019579336328,NA,6.643319,NA,2993947728200,14.7727785491821,4485233605000,NA,0.7,NA
ARG,2015,AR,Argentina,15.9045106382114,10.040077613914,NA,NA,NA,3924370265600,14.1815854549835,5843041183200,NA,NA,NA
ARG,2016,AR,Argentina,23.7902460274194,NA,NA,NA,7.52859334896618,5407702093300,13.4880259708051,8048215730500,NA,0.7,NA
ARM,2014,AM,Armenia,5.86372521699655,7.72473444046229,NA,59.34,NA,4130753900000,9.66640553649803,5045826283800,NA,2.3,NA
ARM,2015,AM,Armenia,9.62620428662026,15.7920038357833,NA,0.6601767,NA,3938074700000,9.20617105938632,5248376992700,NA,1.9,NA
ARM,2016,AM,Armenia,5.38420874691368,NA,NA,NA,23.1090030789546,3916830900000,10.2846499812967,5185085282000,9.4,1.8,NA
ASM,2014,AS,American Samoa,NA,0.700882415260351,NA,NA,NA,455000000,NA,NA,NA,NA,NA
ASM,2015,AS,American Samoa,NA,0.885478201974834,NA,NA,NA,443000000,NA,NA,NA,NA,NA
ASM,2016,AS,American Samoa,NA,NA,NA,NA,8.70852175263238,446000000,NA,NA,NA,NA,NA
ATG,2014,AG,Antigua and Barbuda,NA,0,NA,8.461538,NA,NA,2.75495809476392,3202106711.14922,NA,NA,NA
ATG,2015,AG,Antigua and Barbuda,NA,0,NA,NA,NA,NA,2.68296264688687,3412486330.79622,NA,NA,NA
ATG,2016,AG,Antigua and Barbuda,NA,NA,NA,NA,0.271690243750207,NA,2.72740397753933,3585635145.68454,NA,NA,NA
AUS,2014,AU,Australia,NA,9.27819845713441,NA,5.26,NA,894930000000,6.35821661151183,1556700000000,NA,0.5,NA
AUS,2015,AU,Australia,NA,9.18050295980786,NA,4.58062,NA,929162000000,6.29028296794105,1591392000000,NA,NA,NA
AUS,2016,AU,Australia,NA,NA,NA,NA,28.5918417236676,967310000000,6.07768706712896,1621419000000,NA,NA,NA
AUT,2014,AT,Austria,NA,35.3942733418568,NA,7.622535,NA,177888190000,16.5600152509678,333585200000,NA,0.2,NA
AUT,2015,AT,Austria,NA,34.3949917477854,NA,NA,NA,181370780000,16.6900364578037,340879500000,NA,0.7,NA
AUT,2016,AT,Austria,NA,NA,NA,NA,28.4439825865815,186889960000,16.9837893235346,357272800000,NA,0.7,NA
AZE,2014,AZ,Azerbaijan,2.03688730825968,2.11681861563155,NA,53.126134,NA,26814600000,4.70701069744349,56989149300,NA,NA,NA
AZE,2015,AZ,Azerbaijan,3.72993377154935,2.31075768577815,NA,NA,NA,30828100000,4.99061237474738,52302491500,NA,NA,NA
AZE,2016,AZ,Azerbaijan,5.38141503115154,NA,NA,NA,5.51874580872895,35474700000,4.93022778575826,56480490100,NA,NA,NA
BDI,2014,BI,Burundi,13.5625369152769,94.5981828190235,NA,3.088507,NA,3578175000000,10.1242098337419,4174499000000,NA,NA,NA
BDI,2015,BI,Burundi,13.9184946651241,95.6789242535879,NA,NA,NA,3680070000000,8.67546028284396,4877193000000,NA,NA,NA
BDI,2016,BI,Burundi,16.0191360130376,NA,NA,NA,7.59254563428626,3798389701700,9.36171645020186,4895701000000,55.9,NA,NA
BEL,2014,BE,Belgium,NA,9.07399509752252,NA,56.484946,NA,208800500000,12.5646861948773,411459400000,NA,0.1,NA
BEL,2015,BE,Belgium,NA,9.20164053078148,NA,NA,NA,213930100000,12.6933338836875,422598800000,NA,0.1,NA
BEL,2016,BE,Belgium,NA,NA,NA,NA,24.5781622457406,221090900000,12.3515209280527,434453700000,NA,0.1,NA
BEN,2014,BJ,Benin,2.46323668759117,52.5379882071749,NA,0.707898,NA,3287000000000,13.1763725388061,4769265000000,34,NA,NA
BEN,2015,BJ,Benin,3.56698250758306,50.8626179373594,NA,NA,NA,3363400000000,12.1905461071006,4865000000000,NA,49.5,-5.2
BEN,2016,BJ,Benin,4.15033362276765,NA,NA,NA,28.8719449693959,3813893814100,11.8739310190454,5061555500000,NA,NA,NA
BFA,2014,BF,Burkina Faso,2.7435772253996,75.2426491138353,NA,9.492213,NA,3708439000000,6.27111260141239,5942110467700,29,43.7,NA
BFA,2015,BF,Burkina Faso,3.84745468109987,74.1671878585048,NA,NA,NA,3865143000000,6.62167188208926,5963038413600,NA,NA,NA
BFA,2016,BF,Burkina Faso,3.51635645759867,NA,NA,NA,15.084819776291,3798681056500,4.02460754270901,6223985470400,26.8,NA,NA
BGD,2014,BD,Bangladesh,4.91205614441058,37.6344834916176,NA,3.786324,NA,9751386000000,16.6127076619157,14332238000000,36.2,NA,NA
BGD,2015,BD,Bangladesh,3.55491950018149,34.7470690115416,NA,NA,NA,10980061000000,16.7886735625088,16142043000000,NA,NA,NA
BGD,2016,BD,Bangladesh,3.08828126707798,NA,NA,NA,4.88867647961894,11979247000000,17.0302468647422,18326749000000,NA,14.8,1.35
BGR,2014,BG,Bulgaria,1.10399418443579,16.966624812368,NA,40.65,NA,52415200000,13.318807010841,83031218000,7,1.5,NA
BGR,2015,BG,Bulgaria,1.17961193060474,17.6500779274042,NA,41.84814,NA,55257300000,13.6210812958932,86795434000,NA,3,NA
BGR,2016,BG,Bulgaria,1.42948361023532,NA,NA,NA,28.2871319536603,57437300000,14.4916604695634,93885175000,NA,1.8,NA
BHR,2014,BH,Bahrain,NA,0,NA,205.775862,NA,5083840000,14.9281849197492,11939912400,NA,NA,NA
BHR,2015,BH,Bahrain,NA,0,NA,NA,NA,5273970000,17.3429271839724,11050631600,NA,NA,NA
BHR,2016,BH,Bahrain,NA,NA,NA,NA,1.69477264805221,5448560000,18.0942681252345,11450950000,NA,NA,NA
BHS,2014,BS,"Bahamas, The",NA,1.08880276901951,NA,0,NA,7117100000,2.71595209514996,10475155700,NA,NA,NA
BHS,2015,BS,"Bahamas, The",NA,1.21051288380392,NA,NA,NA,7551000000,2.46249670277307,11349670400,NA,NA,NA
BHS,2016,BS,"Bahamas, The",NA,NA,NA,NA,1.24025812422249,7630300000,3.27430811499028,11498482400,NA,NA,NA
BIH,2014,BA,Bosnia and Herzegovina,7.73086485744514,41.7454627776529,NA,1.434007,NA,23057028000,10.9401941831322,27582491100,NA,NA,NA
BIH,2015,BA,Bosnia and Herzegovina,7.40866650259751,40.7500602307998,NA,NA,NA,23381597000,11.6703764783806,28782646900,NA,NA,NA
BIH,2016,BA,Bosnia and Herzegovina,6.58770486824045,NA,NA,NA,1.45241014188329,23891034000,12.3692352244448,29944385200,NA,NA,NA
BLR,2014,BY,Belarus,9.2217983354184,6.63418060132312,NA,4.543967,NA,42567760000,21.0875452209979,78112934600,NA,0,NA
BLR,2015,BY,Belarus,10.0013208788347,6.7708695317313,NA,NA,NA,47541920000,20.6442989925126,85992994000,NA,0,NA
BLR,2016,BY,Belarus,9.99773142283836,NA,NA,NA,9.51125836698787,51756500000,20.1521869635278,90591202200,NA,0,NA
BLZ,2014,BZ,Belize,6.89341783825044,36.9061680129115,NA,0.687203,NA,2314496338.31574,8.83708737908553,3040199005.67819,NA,NA,NA
BLZ,2015,BZ,Belize,7.39765526287119,35.0236296024311,NA,NA,NA,2408652394.46585,7.0482885215365,3256638897.20969,15,NA,NA
BLZ,2016,BZ,Belize,8.69626637373042,NA,NA,NA,20.5917919778095,2605806829.60546,6.61950926099645,3333097888.21048,NA,NA,NA
BMU,2014,BM,Bermuda,NA,1.99479860849385,NA,4.24,NA,NA,NA,NA,NA,NA,NA
BMU,2015,BM,Bermuda,NA,2.3595880074697,NA,NA,NA,NA,NA,NA,NA,NA,NA
BMU,2016,BM,Bermuda,NA,NA,NA,NA,0.0338708242033383,NA,NA,NA,NA,NA,NA
BOL,2014,BO,Bolivia,2.62982470052209,16.8179624969643,NA,0.526429,NA,143499689000,9.73832788473659,216270758500,NA,5.8,NA
BOL,2015,BO,Bolivia,5.24604529816943,17.5381818257023,NA,NA,NA,156018420000,10.1911907997571,220243124600,NA,6.4,NA
BOL,2016,BO,Bolivia,5.52976839401918,NA,NA,NA,30.8655154573011,161615431000,10.9842214139234,230242791000,16.1,7.1,NA
BRA,2014,BR,Brazil,5.47912415308048,41.8418787194096,NA,1.323345,NA,3638404000000,10.337095605883,5664562000000,NA,2.7,NA
BRA,2015,BR,Brazil,12.7477715826758,43.7903891971588,NA,NA,NA,3835192000000,10.5209207732029,5866348000000,NA,3.2,NA
BRA,2016,BR,Brazil,10.6361770478972,NA,NA,NA,20.7372842292403,4026012000000,10.7833715348389,6136492000000,NA,3.9,NA
BRB,2014,BB,Barbados,NA,3.15661695398056,NA,87.5,NA,5835199000,NA,8821800000,NA,NA,NA
BRB,2015,BB,Barbados,NA,2.78635820637435,NA,NA,NA,5453658400,NA,8763392800,NA,NA,NA
BRB,2016,BB,Barbados,NA,NA,NA,NA,0.00916620431253737,5624046100,NA,8636185300,NA,NA,NA
BRN,2014,BN,Brunei Darussalam,NA,0.0139761914390522,NA,1.879623,NA,3380000000,16.1284366402629,21644300000,NA,NA,NA
BRN,2015,BN,Brunei Darussalam,NA,0.0149350358914578,NA,NA,NA,3517000000,14.5291933850827,18672500000,NA,NA,NA
BRN,2016,BN,Brunei Darussalam,NA,NA,NA,NA,8.98923250400346,3330702100,11.4606178562357,16901000000,NA,NA,NA
BTN,2014,BT,Bhutan,11.8352448683028,87.0256180016119,NA,0.562424,NA,61622077761.0381,8.33843127763257,108150408766.42,NA,NA,NA
BTN,2015,BT,Bhutan,17.0278751075036,86.9045483179462,NA,NA,NA,76610417944.6793,8.20284760560367,119375302202.57,NA,NA,NA
BTN,2016,BT,Bhutan,11.3738714282705,NA,NA,NA,48.0073121564601,75278102958.0041,7.64106816618723,132608949864.118,NA,NA,NA
BWA,2014,BW,Botswana,0.582908483873715,28.8005210227213,NA,2.089327,NA,68474709700,5.30635734290709,142766287200,NA,NA,NA
BWA,2015,BW,Botswana,2.08828032696467,28.8798269935477,NA,NA,NA,75984514600,5.77936183774081,143886172200,NA,16.1,0.42
BWA,2016,BW,Botswana,1.88594341220683,NA,NA,NA,29.1432918377963,80723415600,5.19424695472107,163991965000,NA,NA,NA
CAF,2014,CF,Central African Republic,NA,76.9030411883894,NA,0.069846,NA,769249000000,17.4432276090289,945306753000,NA,NA,NA
CAF,2015,CF,Central African Republic,NA,76.5670200103872,NA,NA,NA,826412000000,19.744921164342,1015039667800,NA,NA,NA
CAF,2016,CF,Central African Republic,NA,NA,NA,NA,18.0648063941797,908640000000,19.4541735859664,1095005850100,NA,NA,NA
CAN,2014,CA,Canada,NA,22.024651539556,NA,2.208498,NA,1113079000000,9.77946718387282,1962663000000,NA,NA,NA
CAN,2015,CA,Canada,NA,22.0253592107108,NA,NA,NA,1150654000000,10.3375067415238,1959949000000,NA,NA,NA
CAN,2016,CA,Canada,NA,NA,NA,NA,6.47711948156826,1184619000000,NA,2000788000000,NA,NA,NA
CHE,2014,CH,Switzerland,NA,23.4181472290315,NA,7.373763,NA,345034869700,18.3619662684426,652514661400,NA,0,NA
CHE,2015,CH,Switzerland,NA,25.2919836825127,NA,NA,NA,348702442800,17.9423102201272,669767630400,NA,0,NA
CHE,2016,CH,Switzerland,NA,NA,NA,NA,9.65051637879546,353151304300,18.0984544311146,665115456300,NA,0,NA
CHI,2014,JG,Channel Islands,NA,NA,NA,NA,NA,NA,NA,NA,NA,NA,NA
CHI,2015,JG,Channel Islands,NA,NA,NA,NA,NA,NA,NA,NA,NA,NA,NA
CHI,2016,JG,Channel Islands,NA,NA,NA,NA,NA,NA,NA,NA,NA,NA,NA
CHL,2014,CL,Chile,NA,26.7170993337307,NA,5.49702,NA,93779395596363.1,11.3188913960118,143435282345224,1.8,NA,NA
CHL,2015,CL,Chile,NA,24.8825542739544,NA,NA,NA,101220569538129,11.6611915777558,154814048787035,NA,0.3,NA
CHL,2016,CL,Chile,NA,NA,NA,NA,13.5939050071834,107417187827677,10.9801551520184,164870734111459,NA,NA,NA
CHN,2014,CN,China,0.534538705852067,12.2238230065824,NA,29.86,NA,24253972750000,30.5046340088878,64209760000000,NA,1.4,NA
CHN,2015,CN,China,1.3309970915437,12.4133525698911,NA,29.37877,NA,26598009760000,29.5076086064448,68339050000000,NA,0.7,NA
CHN,2016,CN,China,0.670607862957967,NA,NA,NA,15.9392803086493,29344305623640,28.9556344559798,73707400000000,NA,0.5,8.38
CIV,2014,CI,Cote d'Ivoire,4.26541953161816,72.2237845464658,NA,2.71436,NA,11004773000000,16.8512255567449,17012003000000,NA,NA,NA
CIV,2015,CI,Cote d'Ivoire,3.57147426808944,64.5280256540323,NA,NA,NA,12635956000000,14.7342580376467,18999881000000,NA,28.2,NA
CIV,2016,CI,Cote d'Ivoire,9.16749066107752,NA,NA,NA,14.8914750759545,13925123000000,12.3679513603416,20293397000000,21.6,NA,NA
CMR,2014,CM,Cameroon,5.58027433075259,76.9753907919409,NA,0.475612,NA,11916868000000,14.4231137676442,17133191970200,31.7,23.8,NA
CMR,2015,CM,Cameroon,6.01696567754248,76.5384004118885,NA,NA,NA,12923568000000,14.6633195850106,18027082000000,NA,NA,NA
CMR,2016,CM,Cameroon,8.36399580186642,NA,NA,NA,10.3820772995156,13540018000000,14.8610911086461,19013838000000,NA,NA,NA
COD,2014,CD,"Congo, Dem. Rep.",3.21141166177262,92.8713110792669,NA,0.090419,NA,24413219170200,15.5544134736917,30411327278600,NA,NA,NA
COD,2015,CD,"Congo, Dem. Rep.",3.65594142806125,95.8176997146271,NA,NA,NA,26424522927200,17.1286572961399,32526868028900,NA,NA,NA
COD,2016,CD,"Congo, Dem. Rep.",4.02669249500668,NA,NA,NA,12.6343110542534,30739054897000,18.2643923625032,36719824391700,NA,NA,NA
COG,2014,CG,"Congo, Rep.",3.16575586382019,62.3963358002278,NA,0.009141,NA,2953074000000,4.73939937268334,5803907000000,21.2,NA,NA
COG,2015,CG,"Congo, Rep.",4.30570813913333,62.4021190190415,NA,NA,NA,3444252000000,7.32638182605655,5007032000000,NA,NA,NA
COG,2016,CG,"Congo, Rep.",3.17755948730002,NA,NA,NA,36.7093039291158,3954868000000,7.12930815037217,4968368000000,NA,NA,NA
COL,2014,CO,Colombia,7.66547246430821,24.4418090930349,NA,0.85575,NA,503294000000000,12.2693186420816,740235000000000,NA,5,NA
COL,2015,CO,Colombia,9.59985251808069,23.5647575160943,NA,NA,NA,551013000000000,12.4008937581087,793310000000000,NA,4.5,NA
COL,2016,CO,Colombia,12.4548828184535,NA,NA,NA,9.44644364805646,596525000000000,12.297778837716,854429000000000,12.7,4.5,NA
COM,2014,KM,Comoros,0.64755611917378,46.615590933773,NA,1.168125,NA,401893000000,NA,426273142700,NA,17.6,NA
COM,2015,KM,Comoros,7.38561456678892,45.3330523920407,NA,NA,NA,399658000000,NA,430054000000,NA,NA,NA
COM,2016,KM,Comoros,3.54057615744841,NA,NA,NA,0.126191492899187,416899000000,NA,452539000000,NA,NA,NA
CPV,2014,CV,Cabo Verde,4.83019316515864,26.1964230234372,NA,8.96651,NA,100179600300,6.38606031352078,146743762500,NA,NA,NA
CPV,2015,CV,Cabo Verde,6.29510927500556,26.5797158996811,NA,NA,NA,103491463500,6.54649293149836,152829568100,NA,3.2,NA
CPV,2016,CV,Cabo Verde,5.96956126313734,NA,NA,NA,2.60303687635575,104749933400,5.9322216775604,159873472300,NA,NA,NA
CRI,2014,CR,Costa Rica,6.76148256960746,37.8425411277646,NA,3.064842,NA,18031968498200,12.1548550576304,26071118574800,NA,1.4,NA
CRI,2015,CR,Costa Rica,6.53531986667523,38.7334138821774,NA,NA,NA,19019940440700,11.378935840257,27990388802800,NA,1.5,NA
CRI,2016,CR,Costa Rica,5.49398618566086,NA,NA,NA,3.03546193741007,19974840040300,11.4042275387579,29784263236900,NA,1.3,NA
CUB,2014,CU,Cuba,NA,18.7984428920254,NA,25.623349,NA,44432000000,15.0875322356675,79602100000,NA,NA,NA
CUB,2015,CU,Cuba,NA,19.2813206353885,NA,NA,NA,48554000000,14.9082437193715,86014000000,NA,NA,NA
CUB,2016,CU,Cuba,NA,NA,NA,NA,7.18434684613918,51029000000,13.8502790850389,90086000000,NA,NA,NA
CUW,2014,CW,Curacao,NA,0.348989718842898,NA,NA,NA,3359300000,8.47142363798952,5604346800,NA,NA,NA
CUW,2015,CW,Curacao,NA,0.347766267819474,NA,NA,NA,NA,10.7909305276787,5643820300,NA,NA,NA
CUW,2016,CW,Curacao,NA,NA,NA,NA,0.258181114051507,NA,10.295147051777,5551995400,NA,NA,NA
CYM,2014,KY,Cayman Islands,NA,0,NA,NA,NA,NA,0.826451910375307,2193643272.59248,NA,NA,NA
CYM,2015,KY,Cayman Islands,NA,0,NA,NA,NA,NA,0.831096148116317,2327495573.72715,NA,NA,NA
CYM,2016,KY,Cayman Islands,NA,NA,NA,NA,0.103424001708164,NA,0.857796780538704,2450104735.69495,NA,NA,NA
CYP,2014,CY,Cyprus,NA,9.36329568365396,NA,37.638913,NA,12009124000,4.05804464155852,16943237000,NA,0.1,NA
CYP,2015,CY,Cyprus,NA,9.9420660163921,NA,NA,NA,12103434000,4.22265774264894,17710170000,NA,0,NA
CYP,2016,CY,Cyprus,NA,NA,NA,NA,1.68711670729969,12447528000,4.55170786936933,18118266000,NA,0,NA
CZE,2014,CZ,Czech Republic,NA,14.8307420893096,NA,23.992001,NA,2073661000000,24.1852348364744,4023242000000,NA,0,NA
CZE,2015,CZ,Czech Republic,NA,14.8285619496241,NA,NA,NA,2152177000000,24.1277275276052,4286148000000,NA,0,NA
CZE,2016,CZ,Czech Republic,NA,NA,NA,NA,21.6859243630073,2242673000000,24.1283014435852,4458906000000,NA,0,NA
DEU,2014,DE,Germany,NA,13.3788782316752,NA,41.460936,NA,1563899000000,20.2243947763055,2986082000000,NA,NA,NA
DEU,2015,DE,Germany,NA,14.2062526977772,NA,NA,NA,1602250000000,20.3771860056038,3099023000000,NA,0,NA
DEU,2016,DE,Germany,NA,NA,NA,NA,38.7268950286066,1649797000000,20.7437222807186,3211263000000,1.7,0,-0.2
DJI,2014,DJ,Djibouti,6.75507703437869,34.1510474525367,NA,7.899253,NA,238799132600,2.78039443166439,412412981000,NA,NA,NA
DJI,2015,DJ,Djibouti,6.98556764856807,15.3805952215024,NA,NA,NA,229701818800,2.73595736653829,460258520100,NA,NA,NA
DJI,2016,DJ,Djibouti,9.77134702864117,NA,NA,NA,1.32295288625376,312684524800,2.89656164265602,490585416200,NA,NA,NA
DMA,2014,DM,Dominica,7.3151177622835,8.61179766591701,NA,10,NA,NA,3.03796206641226,1306575800,NA,NA,NA
DMA,2015,DM,Dominica,8.64350640091488,7.82979664019173,NA,NA,NA,NA,3.98838348207864,1359608300,NA,NA,NA
DMA,2016,DM,Dominica,9.9307661849327,NA,NA,NA,0.586134695785929,NA,2.6172693499248,1401186700,NA,NA,NA
DNK,2014,DK,Denmark,NA,30.2716312824144,NA,20.719166,NA,934336473000,11.8602006429257,2053229000000,NA,0.2,NA
DNK,2015,DK,Denmark,NA,33.1702771730605,NA,NA,NA,959357262000,12.4034448949432,2098866000000,NA,0.2,NA
DNK,2016,DK,Denmark,NA,NA,NA,NA,17.7570683242766,983776496000,12.9341856944976,2153854000000,NA,0.3,NA
DOM,2014,DO,Dominican Republic,12.9473847151369,18.0190203360356,NA,43.730804,NA,2095051591317.96,14.5465271823594,2784241895007.07,NA,2.1,NA
DOM,2015,DO,Dominican Republic,22.2682992264292,16.480109206897,NA,NA,NA,2273355157804.89,14.7024478975312,3073383532666.29,NA,1.8,NA
DOM,2016,DO,Dominican Republic,10.1902577581533,NA,NA,NA,11.2019393392716,2458273796716.77,14.418797883159,3337440270123.51,NA,1.6,5.19
DZA,2014,DZ,Algeria,0.357873559647895,0.0686404751413344,NA,87.994446,NA,6264700000000,31.3062657805381,16842049593400,NA,NA,NA
DZA,2015,DZ,Algeria,0.470565361269334,0.0589586840918149,NA,NA,NA,6854000000000,23.5169871833228,16269309522200,NA,NA,NA
DZA,2016,DZ,Algeria,0.475447714255933,NA,NA,NA,7.10549985987089,7446000000000,22.13651545862,17342340055000,NA,NA,NA
ECU,2014,EC,Ecuador,6.99103949226806,12.2181395203009,NA,3.736662,NA,60012296000,13.7648167021771,100183286846.601,23.9,2.6,NA
ECU,2015,EC,Ecuador,14.7061491565326,13.8166859421647,NA,NA,NA,60991910000,14.4235079529003,97561809462.5666,NA,3.4,NA
ECU,2016,EC,Ecuador,15.5100066034792,NA,NA,NA,14.3964327518509,59889692000,14.5504885363777,98091990481.1454,NA,3.6,NA
EGY,2014,EG,"Egypt, Arab Rep.",12.351584953172,5.86604491436771,NA,159.851775,NA,1766600000000,16.7744460093897,2079368086900,22.3,NA,NA
EGY,2015,EG,"Egypt, Arab Rep.",9.43582615036081,5.70937726460422,NA,NA,NA,2014500000000,16.6974467040386,2402022898900,NA,1.3,NA
EGY,2016,EG,"Egypt, Arab Rep.",18.0216690324402,NA,NA,NA,11.551153494537,2251200000000,16.8413264929505,2673008858200,NA,NA,NA
ERI,2014,ER,Eritrea,NA,79.9301496997009,NA,10.106517,NA,NA,NA,NA,NA,NA,NA
ERI,2015,ER,Eritrea,NA,79.767472303226,NA,NA,NA,NA,NA,NA,NA,NA,NA
ERI,2016,ER,Eritrea,NA,NA,NA,NA,4.8721871655296,NA,NA,NA,NA,NA,NA
ESP,2014,ES,Spain,NA,17.3517358032041,NA,49.651848,NA,612711000000,11.3103807750364,1028374000000,NA,0.8,NA
ESP,2015,ES,Spain,NA,16.254097737239,NA,NA,NA,630215000000,11.3004018225856,1077348000000,NA,0.9,NA
ESP,2016,ES,Spain,NA,NA,NA,NA,15.1956326397025,648265000000,11.2753178194355,1116592000000,NA,1.2,NA
EST,2014,EE,Estonia,NA,25.3260591405017,NA,22.47646,NA,10196029800,14.0894914737195,19490600000,NA,0.8,NA
EST,2015,EE,Estonia,NA,27.4768334658828,NA,NA,NA,10659653800,13.8049923937367,20197800000,NA,0.6,NA
EST,2016,EE,Estonia,NA,NA,NA,NA,19.4868332703463,11226095900,13.7865433165694,21193200000,NA,0.5,NA
ETH,2014,ET,Ethiopia,11.8154648845256,92.0676518760102,NA,11.596806,NA,744845776000,3.99132524576571,1057899776000,40.4,NA,NA
ETH,2015,ET,Ethiopia,17.1122054857822,92.163461141348,NA,NA,NA,924725299500,4.40461913876271,1292686340000,NA,30.8,0.35
ETH,2016,ET,Ethiopia,20.4582393368968,NA,NA,NA,18.4749520269516,1042265000000,5.69139881015014,1562975000000,38.4,NA,NA
FIN,2014,FI,Finland,NA,41.2352406498046,NA,10.45443,NA,112803000000,14.4550186807929,208968000000,NA,0.1,NA
FIN,2015,FI,Finland,NA,43.2352625898503,NA,NA,NA,115135000000,14.6754855424649,213595000000,NA,0.1,NA
FIN,2016,FI,Finland,NA,NA,NA,NA,14.2109185358442,118165000000,14.5679682183517,218587000000,NA,0,NA
FJI,2014,FJ,Fiji,1.91048897439535,34.5718209266863,NA,0.450118,NA,NA,10.6541138811637,8741632400,NA,NA,NA
FJI,2015,FJ,Fiji,12.829922217134,31.2639470878642,NA,NA,NA,NA,10.49615962696,9391410300,NA,NA,NA
FJI,2016,FJ,Fiji,2.39556076635382,NA,NA,NA,0.989795911368608,NA,10.9318098449337,9888998779.03293,NA,NA,NA
FRA,2014,FR,France,NA,13.3470246384899,NA,22.769665,NA,1167531000000,10.2804260000512,2196359000000,NA,0,NA
FRA,2015,FR,France,NA,13.4992623166677,NA,NA,NA,1188170000000,10.4336636293504,2245909000000,NA,0.1,NA
FRA,2016,FR,France,NA,NA,NA,NA,26.0807183526812,1212312000000,10.2830230483558,2281389000000,NA,0.1,NA
FRO,2014,FO,Faroe Islands,NA,6.53581510260637,NA,NA,NA,7710300000,6.3782047275591,16588500000,NA,NA,NA
FRO,2015,FO,Faroe Islands,NA,7.51358049162428,NA,NA,NA,8311900000,6.39258625269309,17410200000,NA,NA,NA
FRO,2016,FO,Faroe Islands,NA,NA,NA,NA,0.0234924730862025,NA,4.77058544076541,NA,NA,NA,NA
FSM,2014,FM,"Micronesia, Fed. Sts.",NA,1.15799036056395,NA,NA,NA,NA,0.366614455439633,344654331.612804,NA,NA,NA
FSM,2015,FM,"Micronesia, Fed. Sts.",NA,1.19623786232284,NA,NA,NA,NA,0.418834790798988,375852015.14608,NA,NA,NA
FSM,2016,FM,"Micronesia, Fed. Sts.",NA,NA,NA,NA,0.0187205363154838,NA,0.557153579273163,387000173.103631,NA,NA,NA
GAB,2014,GA,Gabon,4.93183433253721,81.3516096870383,NA,0.122306,NA,3100081568400,17.393405866881,8520399566800,NA,NA,NA
GAB,2015,GA,Gabon,7.61938578541481,82.0078436860573,NA,NA,NA,3217574659800,16.6870330418249,7797324892900,NA,NA,NA
GAB,2016,GA,Gabon,NA,NA,NA,NA,12.0754505026703,3360756732200,17.456006771994,7665279545400,NA,NA,NA
GBR,2014,GB,United Kingdom,NA,7.3952204555385,NA,9.673288,NA,1200121000000,9.37714155590548,1823944000000,NA,0.2,NA
GBR,2015,GB,United Kingdom,NA,8.71168557437913,NA,NA,NA,1235883000000,9.30040023037244,1873043000000,NA,0.1,NA
GBR,2016,GB,United Kingdom,NA,NA,NA,NA,22.2620645199521,1299051000000,9.09801606531565,1947548000000,NA,0.2,1.76
GEO,2014,GE,Georgia,7.11015379584591,31.8929763399434,NA,4.573511,NA,24036700000,9.60573960371545,30856152200,NA,5,NA
GEO,2015,GE,Georgia,9.15649304949377,28.662538805976,NA,NA,NA,25946400000,8.86459407691174,33064278000,NA,3.8,NA
GEO,2016,GE,Georgia,5.42742767604086,NA,NA,NA,6.44104820465337,25001300000,7.79021096104476,34148330600,NA,3.9,NA
GHA,2014,GH,Ghana,4.79807925976611,45.049492078705,NA,2.786305,NA,107874276000,11.3265868239767,150391818600,18.8,NA,NA
GHA,2015,GH,Ghana,5.62020267304248,41.4127943140724,NA,NA,NA,125963439100,11.3670371602425,178007679800,NA,NA,NA
GHA,2016,GH,Ghana,8.24870664352768,NA,NA,NA,7.79423860912041,144084650000,11.1224435566182,210978989900,NA,13.3,-0.2
GIB,2014,GI,Gibraltar,NA,0,NA,NA,NA,NA,NA,NA,NA,NA,NA
GIB,2015,GI,Gibraltar,NA,0,NA,NA,NA,NA,NA,NA,NA,NA,NA
GIB,2016,GI,Gibraltar,NA,NA,NA,NA,13.1275909719024,NA,NA,NA,NA,NA,NA
GIN,2014,GN,Guinea,3.72792964481302,78.517875308011,NA,0.326563,NA,50973556861900,11.0824980729727,59580265105700,NA,NA,NA
GIN,2015,GN,Guinea,5.53248631476459,76.2683913195384,NA,NA,NA,56470696800400,12.1187362896957,64756898972700,NA,NA,NA
GIN,2016,GN,Guinea,3.09179148154559,NA,NA,NA,21.3673260076547,64401587738100,10.9266780797154,76170117474400,32.4,NA,NA
GMB,2014,GM,"Gambia, The",17.5524721827398,51.9307947614502,NA,1.450538,NA,44762000000,6.51178104456846,50100074300,NA,NA,NA
GMB,2015,GM,"Gambia, The",14.3675256741572,51.5088624939659,NA,NA,NA,53580000000,6.34925434673242,57176231700,NA,10.1,NA
GMB,2016,GM,"Gambia, The",15.2510533376565,NA,NA,NA,1.36702543622438,56906000000,5.5862570132909,63183112800,NA,NA,NA
GNB,2014,GW,Guinea-Bissau,1.20469243300056,87.0600171337502,NA,0.71031,NA,447605153700,12.3817296318748,539331440700,27.6,NA,NA
GNB,2015,GW,Guinea-Bissau,0.936287614813581,86.8517939369185,NA,NA,NA,528526966900,10.7026396410025,634849921200,NA,NA,NA
GNB,2016,GW,Guinea-Bissau,3.13601080065506,NA,NA,NA,11.6202197089003,608907753700,11.3282821102253,716307230600,NA,NA,NA
GNQ,2014,GQ,Equatorial Guinea,NA,7.64327489750003,NA,0.101145,NA,2985146000000,20.1256330691071,7305824408300,NA,NA,NA
GNQ,2015,GQ,Equatorial Guinea,NA,7.82279977697172,NA,NA,NA,3035392000000,17.8446575040216,5879610799700,NA,NA,NA
GNQ,2016,GQ,Equatorial Guinea,NA,NA,NA,NA,1.76532601049951,3180742000000,18.5043115557231,5161558359300,NA,NA,NA
GRC,2014,GR,Greece,NA,16.0857927242722,NA,19.721428,NA,125440565600,8.40677430252776,179866510500,NA,1.5,NA
GRC,2015,GR,Greece,NA,17.170047546133,NA,NA,NA,123078596200,8.65823973266357,177502740600,NA,1.4,NA
GRC,2016,GR,Greece,NA,NA,NA,NA,8.56334528515359,122093979000,9.19160010829227,176494503700,NA,1,NA
GRD,2014,GD,Grenada,4.24227889583208,11.0768146223922,NA,7.05,NA,NA,3.42072040187839,2237373100,NA,NA,NA
GRD,2015,GD,Grenada,5.15901965145976,10.9195721498431,NA,NA,NA,NA,3.41926030975496,2383474900,NA,NA,NA
GRD,2016,GD,Grenada,8.88591570125634,NA,NA,NA,0.172574854343071,NA,3.35330923136,2604328500,NA,NA,NA
GRL,2014,GL,Greenland,NA,14.9004760095178,NA,NA,NA,6652300000,4.36398971851295,NA,NA,NA,NA
GRL,2015,GL,Greenland,NA,15.5338165059432,NA,NA,NA,6677200000,4.05976043488087,NA,NA,NA,NA
GRL,2016,GL,Greenland,NA,NA,NA,NA,22.3599788850636,6827900000,4.57426318475392,NA,NA,NA,NA
GTM,2014,GT,Guatemala,4.1133845358017,59.9010023125906,NA,3.760442,NA,389788444400,18.7800112292238,443166389600,NA,8.7,NA
GTM,2015,GT,Guatemala,4.50019000786358,63.6509917919234,NA,NA,NA,414863649700,18.498938075086,477421349600,46.7,NA,NA
GTM,2016,GT,Guatemala,5.05023625111851,NA,NA,NA,15.7067397650122,444855006500,18.3316104130396,510377858400,NA,NA,NA
GUM,2014,GU,Guam,NA,0,NA,NA,NA,3194000000,NA,NA,NA,NA,NA
GUM,2015,GU,Guam,NA,0,NA,NA,NA,3181000000,NA,NA,NA,NA,NA
GUM,2016,GU,Guam,NA,NA,NA,NA,0.0694251938612372,3256000000,NA,NA,NA,NA,NA
GUY,2014,GY,Guyana,3.62095560517004,24.0152013060972,NA,0.861991,NA,525552000000,5.46455546864303,640879949200,11.3,NA,NA
GUY,2015,GY,Guyana,4.00704153809957,25.2587277167556,NA,NA,NA,517190000000,5.76736284242063,665325946100,NA,NA,NA
GUY,2016,GY,Guyana,3.25556590953738,NA,NA,NA,5.30607683828947,448385000000,5.00291988042804,714080668300,NA,NA,NA
HKG,2014,HK,"Hong Kong SAR, China",NA,0.858141923107929,NA,NA,NA,1502768000000,1.23384682777251,2306612000000,NA,NA,NA
HKG,2015,HK,"Hong Kong SAR, China",NA,0.852783452322141,NA,NA,NA,1593091000000,1.11396500825592,2442656000000,NA,NA,NA
HKG,2016,HK,"Hong Kong SAR, China",NA,NA,NA,NA,41.9047619047619,1649941000000,1.07780521854625,2553210000000,NA,NA,NA
HND,2014,HN,Honduras,4.33619026968654,54.0409417907054,NA,2.493881,NA,333090200000,17.2545874850923,380693206500,NA,15.9,NA
HND,2015,HN,Honduras,4.77551262572964,51.5374135797421,NA,NA,NA,356849200000,17.5431120239302,428885686400,NA,16.2,NA
HND,2016,HN,Honduras,5.70365657558879,NA,NA,NA,12.4289336910491,381346300000,17.1467725059127,461252519700,NA,18,NA
HRV,2014,HR,Croatia,NA,33.6481912689857,NA,0.978505,NA,200503200000,12.930113465571,324728232300,NA,1,NA
HRV,2015,HR,Croatia,NA,33.1274666358571,NA,NA,NA,200604800000,12.9597013330444,337580724900,NA,0.6,NA
HRV,2016,HR,Croatia,NA,NA,NA,NA,23.5064099082696,204609800000,13.0935359557956,340734206900,NA,0.6,NA
HTI,2014,HT,Haiti,1.39542882842181,78.3912383418507,NA,15.638471,NA,357642700000,NA,393784735784.573,NA,NA,NA
HTI,2015,HT,Haiti,1.93259323611786,76.0722132337506,NA,NA,NA,359401300000,NA,425352355288.334,NA,NA,NA
HTI,2016,HT,Haiti,5.33012954379551,NA,NA,NA,0.270169622711773,419700400000,NA,483819793873.346,NA,NA,NA
HUN,2014,HU,Hungary,NA,15.6745498209192,NA,8.204575,NA,16396922000000,19.5030446983148,31280222000000,NA,0.6,NA
HUN,2015,HU,Hungary,NA,15.559362050795,NA,NA,NA,17008233000000,20.3110868632537,33207639000000,NA,0.6,NA
HUN,2016,HU,Hungary,NA,NA,NA,NA,22.6019271546287,17876605000000,19.7743368131042,34979755000000,NA,1.3,NA
IDN,2014,ID,Indonesia,14.1067607852175,37.4542683456069,NA,9.240649,NA,6039436234165300,21.0751760505565,10215312164734e3,NA,7.9,NA
IDN,2015,ID,Indonesia,8.1690221947295,36.8793481032359,NA,NA,NA,6621880256544500,20.9857874310206,11143993034158600,NA,7.2,NA
IDN,2016,ID,Indonesia,9.30685508202657,NA,NA,NA,5.06335901930066,7171522837179300,20.5229746805052,1200471545e7,NA,6.5,NA
IMN,2014,IM,Isle of Man,NA,3.81270707070707,NA,NA,NA,NA,2.75492748826694,4652281000,NA,NA,NA
IMN,2015,IM,Isle of Man,NA,4.2075897300392,NA,NA,NA,NA,2.79541492029151,4468249000,NA,NA,NA
IMN,2016,IM,Isle of Man,NA,NA,NA,NA,4.29405702507729,NA,2.50310291858679,4333743000,NA,NA,NA
IND,2014,IN,India,2.70822956830356,36.651837856374,NA,44.529409,NA,72473401058800,15.0655701110797,123205294184400,38.7,NA,NA
IND,2015,IN,India,3.0858683950826,36.0212225652817,NA,NA,NA,81264083293800,15.5838545863713,136120948092900,37.9,NA,NA
IND,2016,IN,India,5.06402475865708,NA,NA,NA,3.47930598498439,91157687973500,15.1999015149793,151859858789700,NA,NA,NA
IRL,2014,IE,Ireland,NA,8.52066979093462,NA,2.379738,NA,83762733400,19.9347015950631,164929148700,NA,0.4,NA
IRL,2015,IE,Ireland,NA,9.08139901337063,NA,NA,NA,86844229500,34.5662956506415,201667082100,NA,0.3,NA
IRL,2016,IE,Ireland,NA,NA,NA,NA,4.04293371670989,91761481700,33.1045325791799,223150091400,NA,0.1,3.43
IRN,2014,IR,"Iran, Islamic Rep.",0.479945355331633,0.939119651442092,NA,89.999635,NA,5334339265741400,13.7504981431966,115518525065e5,NA,0.2,NA
IRN,2015,IR,"Iran, Islamic Rep.",0.722331332090929,0.913005056748309,NA,NA,NA,5741122358653500,12.3744449090988,11443030330793400,NA,0.3,NA
IRN,2016,IR,"Iran, Islamic Rep.",2.65733550416963,NA,NA,NA,7.66655342395126,6494772e9,11.8955607216009,131921854e8,NA,0.3,NA
IRQ,2014,IQ,Iraq,NA,0.912104650364548,NA,93.055189,NA,141724800000000,1.82720537280702,272316300000000,NA,NA,NA
IRQ,2015,IQ,Iraq,NA,0.798830768676665,NA,NA,NA,121483300000000,1.82032866795367,205666000000000,NA,NA,NA
IRQ,2016,IQ,Iraq,NA,NA,NA,NA,1.54077890873295,133406531005418,2.05429619407362,205170349672118,NA,NA,NA
ISL,2014,IS,Iceland,NA,76.3388709815554,NA,2.64,NA,1093250442200,10.6575901044548,1973026857200,NA,0,NA
ISL,2015,IS,Iceland,NA,77.029689205553,NA,0.24416,NA,1146570132900,10.1307635997664,2182437000000,NA,0,3.15
ISL,2016,IS,Iceland,NA,NA,NA,NA,2.42174669591443,1235928074500,9.39102529257224,2395281000000,NA,NA,NA
ISR,2014,IL,Israel,NA,3.68013234935496,NA,110.45037,NA,611729306600,12.7052822307416,1100856939600,NA,0.5,NA
ISR,2015,IL,Israel,NA,3.70776691254672,NA,NA,NA,635008979300,13.0331198269709,1155291638600,NA,NA,NA
ISR,2016,IL,Israel,NA,NA,NA,NA,8.58173027677053,670874571300,12.0834964826773,1213827043900,NA,0.2,4.17
ITA,2014,IT,Italy,NA,17.0903588438944,NA,44.828613,NA,986309500000,13.976239236242,1627547700000,NA,1.2,NA
ITA,2015,IT,Italy,NA,16.5168505774397,NA,NA,NA,1005936200000,14.395371385594,1643911100000,NA,2,NA
ITA,2016,IT,Italy,NA,NA,NA,NA,13.3464442429884,1019498100000,14.7980989037386,1700459100000,NA,1.6,NA
JAM,2014,JM,Jamaica,28.4784211846857,16.1167899050273,NA,11.340697,NA,1314155000000,8.11930110407291,1509067956834.96,6,NA,NA
JAM,2015,JM,Jamaica,27.541114001128,16.7719074601531,NA,NA,NA,1345956000000,7.94904828590229,1608921943465.83,NA,NA,NA
JAM,2016,JM,Jamaica,37.287789292294804,NA,NA,NA,1.40556650931052,1368282000000,7.66703543341072,1686397906387.86,NA,NA,NA
JOR,2014,JO,Jordan,7.00837112266151,3.13055186492564,NA,118.4,NA,22630400000,19.9984259771154,25497880000,NA,NA,NA
JOR,2015,JO,Jordan,12.7781997513621,3.22917004202291,NA,150.9042,NA,23044000000,19.4596986025986,26703750000,NA,NA,NA
JOR,2016,JO,Jordan,15.0951001725495,NA,NA,NA,1.76535777731989,23528700000,19.14987042592,27613040000,NA,NA,NA
JPN,2014,JP,Japan,NA,5.62502588654266,NA,28.4538,NA,300083200000000,19.7312970444232,532369700000000,NA,NA,NA
JPN,2015,JP,Japan,NA,6.29735708059289,NA,NA,NA,300612100000000,20.8133218449604,551729700000000,NA,NA,NA
JPN,2016,JP,Japan,NA,NA,NA,NA,2.09183621347664,298643700000000,20.6752634022057,553965200000000,NA,NA,NA
KAZ,2014,KZ,Kazakhstan,0.979391272164452,1.30565511569328,NA,28.143919,NA,19235837400000,10.3182436278483,35619179900000,NA,0,NA
KAZ,2015,KZ,Kazakhstan,1.60005628008935,1.55844291225827,NA,NA,NA,21962062900000,10.2754093827734,38436538200000,8,0,NA
KAZ,2016,KZ,Kazakhstan,2.78327515442031,NA,NA,NA,3.18942507887438,25620092900000,11.3301396708405,42545106200000,NA,0,NA
KEN,2014,KE,Kenya,11.1399767676718,75.5181685982944,NA,14.312592,NA,4316539500000,9.95806558790734,5326309860500,26.2,NA,NA
KEN,2015,KE,Kenya,6.83745391119248,72.662752510447,NA,NA,NA,4955073000000,9.37107334183723,6217023700900,NA,36.8,NA
KEN,2016,KE,Kenya,8.26651203859397,NA,NA,NA,10.5050213796236,5536202700000,9.31880414139579,6983765145900,NA,NA,NA
KGZ,2014,KG,Kyrgyz Republic,3.61422432313391,26.6083070344147,NA,43.953537,NA,384661500000,13.6761967985545,384211361700,12.9,1.3,NA
KGZ,2015,KG,Kyrgyz Republic,5.40962496744944,23.3068222046976,NA,NA,NA,389793400000,14.0507756985422,413856124600,NA,2.5,NA
KGZ,2016,KG,Kyrgyz Republic,6.37565886815615,NA,NA,NA,6.51440059612817,394399500000,15.4342608672285,451470487700,NA,1.4,NA
KHM,2014,KH,Cambodia,1.09261215900785,68.0079101091459,NA,0.609493,NA,52297716747800,15.397566828724,63895868593300,32.4,NA,NA
KHM,2015,KH,Cambodia,1.00175566818683,64.9237759106607,NA,NA,NA,56392414253100,16.013771971961,68927052860800,NA,NA,NA
KHM,2016,KH,Cambodia,1.2642839297712,NA,NA,NA,20.6492772839727,61841107916900,15.9951855887861,76255944356000,NA,NA,NA
KIR,2014,KI,Kiribati,NA,3.46502445469725,NA,NA,NA,NA,4.6488064485386,379386000,NA,NA,NA
KIR,2015,KI,Kiribati,NA,4.25399869303377,NA,NA,NA,NA,3.84502250027439,466911000,NA,NA,NA
KIR,2016,KI,Kiribati,NA,NA,NA,NA,11.8173045605077,NA,4.20821383312212,466857000,NA,NA,NA
KNA,2014,KN,St. Kitts and Nevis,NA,1.6974028076753,NA,51.25,NA,NA,7.13330343108137,2292214322.39583,NA,NA,NA
KNA,2015,KN,St. Kitts and Nevis,NA,1.64219119447618,NA,NA,NA,NA,6.79111902813217,2317589750.50672,NA,NA,NA
KNA,2016,KN,St. Kitts and Nevis,NA,NA,NA,NA,0.246826850964049,NA,5.9390195068932,2463764703.39425,NA,NA,NA
KOR,2014,KR,"Korea, Rep.",NA,2.83819150814731,NA,57.584565,NA,748200800000000,27.4891252438548,14907639e8,NA,NA,NA
KOR,2015,KR,"Korea, Rep.",NA,2.70770280422964,NA,NA,NA,771239200000000,27.085558886991,15683831e8,NA,NA,NA
KOR,2016,KR,"Korea, Rep.",NA,NA,NA,NA,3.88526952835922,798728900000000,26.7818278387074,16462089e8,NA,NA,NA
KWT,2014,KW,Kuwait,NA,0,NA,2603.487042,NA,13413600000,5.54218429296748,50482876300,5.8,NA,NA
KWT,2015,KW,Kuwait,NA,0,NA,NA,NA,14323400000,6.97757394853408,38942301900,4.9,NA,NA
KWT,2016,KW,Kuwait,NA,NA,NA,NA,10.9982704332786,14950700000,7.20206438809528,38536086700,5.9,NA,NA
LAO,2014,LA,Lao PDR,5.34386695852581,60.4741411934053,NA,1.392734,NA,77501455550800,8.42769528405875,102085685872300,NA,NA,NA
LAO,2015,LA,Lao PDR,5.38564095378962,59.3158607506634,NA,NA,NA,83518771102500,8.19005219527172,112037689404200,35.5,NA,NA
LAO,2016,LA,Lao PDR,7.18657673376508,NA,NA,NA,16.6822252710073,84929233279800,7.77156382707168,123721178314900,NA,NA,NA
LBN,2014,LB,Lebanon,18.5379437517651,3.23351914577464,NA,33.284234,NA,65214459794000,7.7597305922545,71936069887100,NA,NA,NA
LBN,2015,LB,Lebanon,17.9117353772774,3.64671967049883,NA,NA,NA,64675243681000,8.23582259627329,74569053474100,NA,NA,NA
LBN,2016,LB,Lebanon,20.3549378195215,NA,NA,NA,1.04234132124352,68231831683600,8.62220530871536,76010048134300,NA,NA,NA
LBR,2014,LR,Liberia,2.40080203360054,83.9355343251113,NA,0.078938,NA,4525579500,2.26475508905852,2811000000,NA,38.6,NA
LBR,2015,LR,Liberia,7.93307989769607,83.84704333625,NA,NA,NA,4767374000,2.1403840100724,2897000000,NA,NA,NA
LBR,2016,LR,Liberia,1.23783073210749,NA,NA,NA,0.773224088935579,4681248000,1.95251364776532,2996826000,30.1,40.9,NA
LBY,2014,LY,Libya,NA,1.75392907784759,NA,1071.995277,NA,NA,NA,53090700000,38.1,NA,NA
LBY,2015,LY,Libya,NA,1.96655445725932,NA,NA,NA,NA,NA,40096652000,NA,NA,NA
LBY,2016,LY,Libya,NA,NA,NA,NA,0.288612427087619,NA,NA,37468408000,NA,NA,NA
LCA,2014,LC,St. Lucia,3.52346030655418,2.14586618116292,NA,14.3,NA,2617360000,2.37770337666173,3920775300,NA,NA,NA
LCA,2015,LC,St. Lucia,6.63595624485448,2.13262353619368,NA,NA,NA,2684840000,2.35356090100378,4062702100,NA,NA,NA
LCA,2016,LC,St. Lucia,4.76540779630762,NA,NA,NA,0.93310098500859,3291400000,2.53116712985541,4283014100,NA,4.7,NA
LIE,2014,LI,Liechtenstein,NA,62.5920262736532,NA,NA,NA,NA,NA,4923554800,NA,NA,NA
LIE,2015,LI,Liechtenstein,NA,63.1344414422166,NA,NA,NA,NA,NA,4968300000,NA,NA,NA
LIE,2016,LI,Liechtenstein,NA,NA,NA,NA,42.4895272292041,NA,NA,5825800000,NA,NA,NA
LKA,2014,LK,Sri Lanka,24.2661211417382,57.5851811314478,NA,34.076768,NA,6981946895100,16.9741087859082,10125078000000,NA,NA,NA
LKA,2015,LK,Sri Lanka,17.3757171014708,52.8758920368984,NA,NA,NA,7376175532000,16.2619511165619,10675880000000,NA,NA,NA
LKA,2016,LK,Sri Lanka,14.6360715832047,NA,NA,NA,3.37879848480939,8514455970000,16.3785633747223,11676431000000,17.3,0.8,4.24
LSO,2014,LS,Lesotho,3.08666418286414,51.3888984915194,NA,2.133072,NA,22608809936.5234,11.9892430788908,31399103600,33.4,NA,NA
LSO,2015,LS,Lesotho,3.6873248483909,52.139206087139,NA,NA,NA,23799141113.2813,14.5970691411128,35593830000,NA,NA,NA
LSO,2016,LS,Lesotho,4.20259269649049,NA,NA,NA,0.259058862108542,25643715698.2422,15.411797255078,38586450300,NA,NA,NA
LTU,2014,LT,Lithuania,NA,27.7050524829416,NA,3.971744,NA,22656459000,17.3496815510832,36112806900,NA,1.3,NA
LTU,2015,LT,Lithuania,NA,28.9611792543763,NA,NA,NA,23348164000,17.2199517262088,35974526600,NA,0.7,NA
LTU,2016,LT,Lithuania,NA,NA,NA,NA,17.33919590185,24521636200,16.8947891546278,37467304300,NA,1.4,NA
LUX,2014,LU,Luxembourg,NA,6.88323194465757,NA,2.462857,NA,15400486000,3.95253492327651,33097100000,NA,0.1,NA
LUX,2015,LU,Luxembourg,NA,9.03131366096732,NA,NA,NA,15692914000,4.63445030950062,33919800000,NA,0.3,NA
LUX,2016,LU,Luxembourg,NA,NA,NA,NA,32.2692174714763,16280033000,5.3164718548865,34932100000,NA,0.1,NA
LVA,2014,LV,Latvia,NA,40.2360616036777,NA,1.099899,NA,14494805000,10.7398459958385,23579013000,NA,0.8,NA
LVA,2015,LV,Latvia,NA,38.0980171666829,NA,NA,NA,14709412000,10.4208190966013,24287210000,NA,0.6,NA
LVA,2016,LV,Latvia,NA,NA,NA,NA,17.5098922163384,15088022000,10.2705830264284,25008675000,NA,0.6,NA
MAC,2014,MO,"Macao SAR, China",NA,10.0204706155887,NA,NA,NA,88561000000,0.417354717578664,378730500000,NA,NA,NA
MAC,2015,MO,"Macao SAR, China",NA,7.0513630489631,NA,NA,NA,94527000000,0.597990685038914,332925600000,NA,NA,NA
MAC,2016,MO,"Macao SAR, China",NA,NA,NA,NA,NA,95774000000,0.595244656576902,333071500000,NA,NA,NA
MAF,2014,MF,St. Martin (French part),NA,NA,NA,NA,NA,NA,NA,NA,NA,NA,NA
MAF,2015,MF,St. Martin (French part),NA,NA,NA,NA,NA,NA,NA,NA,NA,NA,NA
MAF,2016,MF,St. Martin (French part),NA,NA,NA,NA,92.3513250022157,NA,NA,NA,NA,NA,NA
MAR,2014,MA,Morocco,7.54140450734428,11.7185872824578,NA,49.035702,NA,555716000000,16.4904860294626,903699000000,NA,NA,NA
MAR,2015,MA,Morocco,7.46573452857564,11.3174596346938,NA,NA,NA,568266000000,16.1369502505188,969055000000,NA,NA,NA
MAR,2016,MA,Morocco,8.36018204908472,NA,NA,NA,18.5463660614773,592306000000,15.678094488018,993750000000,NA,NA,NA
MCO,2014,MC,Monaco,NA,NA,NA,NA,NA,NA,NA,NA,NA,NA,NA
MCO,2015,MC,Monaco,NA,NA,NA,NA,NA,NA,NA,NA,NA,NA,NA
MCO,2016,MC,Monaco,NA,NA,NA,NA,99.7200839748076,NA,NA,NA,NA,NA,NA
MDA,2014,MD,Moldova,2.70449085522262,13.0473500202632,NA,13.215526,NA,120436931000,11.6021129918143,145023528900,NA,0,NA
MDA,2015,MD,Moldova,2.97972030369604,14.2736887091697,NA,NA,NA,127446853000,11.9582205705707,154212181400,NA,0,NA
MDA,2016,MD,Moldova,3.79853040461945,NA,NA,NA,4.15147892756405,138563112000,11.8970437279549,169880092200,NA,0.2,NA
MDG,2014,MG,Madagascar,2.68564081587561,72.0265270773173,NA,5.758778,NA,22110382026590,9.03893525378926,29517882627400,NA,NA,NA
MDG,2015,MG,Madagascar,4.35690530766532,70.1744159107341,NA,NA,NA,24349750136289.6,8.50771119512702,32112996745200,NA,NA,NA
MDG,2016,MG,Madagascar,3.30232530608111,NA,NA,NA,1.97284875372353,26919261805653.8,10.1953106772039,36343494398500,NA,NA,NA
MDV,2014,MV,Maldives,5.22289746092058,0.903032402015331,NA,15.666667,NA,NA,1.98497323914953,51405188600,NA,NA,NA
MDV,2015,MV,Maldives,3.04656564785116,1.00959469325713,NA,NA,NA,NA,1.91714654310672,58037909900,NA,NA,NA
MDV,2016,MV,Maldives,3.10879769223155,NA,NA,NA,0.0490018209813872,NA,2.05100255629094,61876647100,NA,0,NA
MEX,2014,MX,Mexico,4.48999983024257,9.7584624231682,NA,24.07,NA,11509610943000,15.8991770877474,17068581121000,NA,3.8,NA
MEX,2015,MX,Mexico,6.3656246249916,9.2152134550018,NA,25.9429,NA,12162871050000,17.1411607594018,18093301026000,12.4,NA,NA
MEX,2016,MX,Mexico,10.0051640806712,NA,NA,NA,6.75214757032193,13188671845000,16.9750518529559,19587893872000,10,2.2,NA
MHL,2014,MH,Marshall Islands,NA,12.0189983316877,NA,NA,NA,142065200,5.69101112949031,230094000,NA,NA,NA
MHL,2015,MH,Marshall Islands,NA,11.1644846525257,NA,NA,NA,140974600,3.87232691728476,248100100,NA,NA,NA
MHL,2016,MH,Marshall Islands,NA,NA,NA,NA,0.270441582922218,146195000,5.06346281182937,262593500,NA,NA,NA
MKD,2014,MK,North Macedonia,6.47625083915439,21.204238579028,NA,13.182344,NA,368311000000,10.9514035376996,517758738600,NA,4.4,NA
MKD,2015,MK,North Macedonia,11.3782420714904,24.2181297260889,NA,NA,NA,384798000000,11.7603595286911,541328109900,NA,5.2,NA
MKD,2016,MK,North Macedonia,7.05221250484118,NA,NA,NA,9.65291179140907,398026000000,12.2889398868518,571137152100,NA,4.1,NA
MLI,2014,ML,Mali,2.97019160154085,64.5912607109859,NA,5.820419,NA,5611126249000,NA,6902793041000,NA,NA,NA
MLI,2015,ML,Mali,3.24924018078581,61.5269847175779,NA,NA,NA,6075721956400,NA,7572845953000,30.4,NA,NA
MLI,2016,ML,Mali,3.52503513897374,NA,NA,NA,8.2315834186173,6432667008000,NA,8086439442000,NA,NA,NA
MLT,2014,MT,Malta,NA,3.93010086256695,NA,44.356436,NA,4344441674.83542,8.68791925875996,8178520763.54219,NA,0,NA
MLT,2015,MT,Malta,NA,5.35500474641897,NA,NA,NA,4637936442.37048,7.48766712711466,9146009227.00942,NA,0.1,NA
MLT,2016,MT,Malta,NA,NA,NA,NA,6.36539055401746,4779426864.56134,6.99075682979665,9482789775.31679,NA,0.1,NA
MMR,2014,MM,Myanmar,4.61137851278547,66.13285378605,NA,3.70384,NA,30040937600000,19.9307583034118,62644841078200,NA,NA,NA
MMR,2015,MM,Myanmar,3.45103144655204,61.5278116473242,NA,NA,NA,34644207300000,20.8081418828203,70297501702900,NA,6.2,NA
MMR,2016,MM,Myanmar,5.56246059342079,NA,NA,NA,4.08911261867793,40697558642700,22.8051343944901,77743982859400,29.4,NA,NA
MNE,2014,ME,Montenegro,12.6153776390235,45.9943348822572,NA,NA,NA,2774846000,3.88001811492567,3503823300,NA,1.7,NA
MNE,2015,ME,Montenegro,23.8993990568403,43.004060548998,NA,NA,NA,2892977000,4.08869912042976,3734558900,NA,1.7,4.72
MNE,2016,ME,Montenegro,22.3923380554559,NA,NA,NA,2.63765558413277,3035067000,3.7355356768934,3988778500,NA,NA,NA
MNG,2014,MN,Mongolia,3.62849969989619,3.26984282370897,NA,2.425234,NA,12587626920000,8.77729313554663,20420074284300,NA,0.2,NA
MNG,2015,MN,Mongolia,3.0560510936122,3.42973728977845,NA,NA,NA,13671167698800,7.6379786077859,21251431655900,NA,NA,NA
MNG,2016,MN,Mongolia,3.45735233923983,NA,NA,NA,17.4032333072051,13130524930200,7.3243570265262,21971134920600,7.3,0.6,NA
MNP,2014,MP,Northern Mariana Islands,NA,0,NA,NA,NA,520000000,NA,NA,NA,NA,NA
MNP,2015,MP,Northern Mariana Islands,NA,0,NA,NA,NA,526000000,NA,NA,NA,NA,NA
MNP,2016,MP,Northern Mariana Islands,NA,NA,NA,NA,33.2114779574643,551000000,NA,NA,NA,NA,NA
MOZ,2014,MZ,Mozambique,5.75034156013955,88.8570478335913,NA,0.927968,NA,386431641600,8.02590772221522,549116565900,NA,62.9,NA
MOZ,2015,MZ,Mozambique,10.7626889302152,86.4005089176123,NA,NA,NA,411838990200,8.19226000829389,625891748800,42.3,NA,NA
MOZ,2016,MZ,Mozambique,11.3378093124002,NA,NA,NA,13.4487105924863,493641879900,8.47913417982566,736390600300,NA,NA,NA
MRT,2014,MR,Mauritania,10.8114725502866,32.0193358240546,NA,15.859058,NA,86187100000,8.0202889640332,155023379188.031,NA,6,NA
MRT,2015,MR,Mauritania,14.0242931692306,32.1595724693392,NA,NA,NA,90659258800,9.24546994343421,150607834236.101,27.9,NA,NA
MRT,2016,MR,Mauritania,14.9063771003282,NA,NA,NA,1.08074808124804,96271553547.6021,8.20153843351769,160611762814.609,NA,NA,NA
MUS,2014,MU,Mauritius,0.958427160949777,10.6338613343618,NA,26.354053,NA,292343000000,13.5881569751723,422459000000,NA,NA,NA
MUS,2015,MU,Mauritius,0.908076452011033,11.5373619624728,NA,NA,NA,306206000000,13.0365729592845,444663000000,NA,NA,NA
MUS,2016,MU,Mauritius,0.989703906916697,NA,NA,NA,0.0115432840393507,319809000000,12.3988821547273,470211000000,NA,NA,NA
MWI,2014,MW,Malawi,4.08908685067409,79.9508790443424,NA,11.077864,NA,2082179540500,9.54975266317951,2501446842300,42.4,NA,NA
MWI,2015,MW,Malawi,4.52990834160316,83.649433704296,NA,NA,NA,2594778166300,9.6012508299064,3097538182300,37.4,NA,NA
MWI,2016,MW,Malawi,6.12129148297824,NA,NA,NA,16.8938673074221,3439279108500,9.51888674553634,3869826706700,38.3,70.3,3.05
MYS,2014,MY,Malaysia,NA,4.76977363667669,NA,3.411505,NA,579985000000,22.8739302431305,1069819000000,NA,NA,NA
MYS,2015,MY,Malaysia,NA,5.19444258901529,NA,NA,NA,635099000000,22.2933010235857,1144829000000,17.7,0,NA
MYS,2016,MY,Malaysia,NA,NA,NA,NA,8.91348575727549,684681000000,21.796946142188,1215105000000,20.7,NA,8.3
NAM,2014,"NA",Namibia,NA,27.617471809356,NA,0.93446,NA,90014601600,10.0249075064921,138475718900,NA,NA,NA
NAM,2015,"NA",Namibia,NA,26.4684298435307,NA,NA,NA,106313562500,9.73022249299639,149400157600,NA,13.4,5.73
NAM,2016,"NA",Namibia,NA,NA,NA,NA,23.2471318730565,121051812500,11.0173628669822,163015886100,NA,NA,NA
NCL,2014,NC,New Caledonia,NA,3.98252301877675,NA,NA,NA,NA,NA,NA,NA,NA,NA
NCL,2015,NC,New Caledonia,NA,4.75922121144079,NA,NA,NA,NA,NA,NA,NA,NA,NA
NCL,2016,NC,New Caledonia,NA,NA,NA,NA,95.7641579007986,NA,NA,NA,NA,NA,NA
NER,2014,NE,Niger,6.23901292676616,78.1414384600678,NA,3.748312,NA,2661276035100,6.29693120078598,3993891642100,42.2,44.5,NA
NER,2015,NE,Niger,6.19618837386339,78.9398275175155,NA,NA,NA,2816422204000,5.74466031653223,4178408000000,NA,NA,NA
NER,2016,NE,Niger,8.3664164720381,NA,NA,NA,17.3171351250111,2928141107200,5.94180320249264,4367642000000,41.3,NA,NA
NGA,2014,NG,Nigeria,0.311247904397572,87.2992478132959,NA,5.827897,NA,65764630244300,9.63581160267111,87129108277700,33.6,NA,NA
NGA,2015,NG,Nigeria,0.776874854414366,86.6356215634187,NA,NA,NA,75228879056500,9.42843732196167,92673618171900,33,NA,NA
NGA,2016,NG,Nigeria,0.901114956308496,NA,NA,NA,11.6107349579734,83635155897300,8.67969778187677,100370320779900,43.6,NA,NA
NIC,2014,NI,Nicaragua,2.62649015638689,51.8392835728228,NA,1.348507,NA,226747000000,14.7327189836642,300257829100,NA,3.2,NA
NIC,2015,NI,Nicaragua,3.10830512820513,48.2049091920335,NA,NA,NA,245126000000,14.1978734969385,338282806900,NA,NA,NA
NIC,2016,NI,Nicaragua,3.69993636136473,NA,NA,NA,15.4797788522118,267660000000,14.1447956661232,370038427600,NA,NA,NA
NLD,2014,NL,Netherlands,NA,5.6596277365589,NA,21.07981,NA,304244000000,10.3606528083864,669898000000,NA,0.1,NA
NLD,2015,NL,Netherlands,NA,5.88946307882733,NA,NA,NA,310816000000,10.8017588201876,690537000000,NA,0.1,NA
NLD,2016,NL,Netherlands,NA,NA,NA,NA,17.8924581483262,316041000000,10.8510497122133,697862000000,NA,0,NA
NOR,2014,NO,Norway,NA,57.1964019487249,NA,1.148931,NA,1288402000000,6.80718437959077,3246000000000,NA,0.1,NA
NOR,2015,NO,Norway,NA,57.7720015985381,NA,NA,NA,1354268000000,6.87381716448613,3247407000000,NA,0.1,NA
NOR,2016,NO,Norway,NA,NA,NA,NA,4.96242625971203,1411418000000,6.56208160488137,3251144000000,NA,0.3,NA
NPL,2014,NP,Nepal,7.84996495329709,84.3747890594521,NA,5.860593,NA,1528397305300,5.75172937924758,1997291276700,37.5,NA,NA
NPL,2015,NP,Nepal,7.89665923254891,85.2639581903713,NA,NA,NA,1701514046500,5.5855144788841,2164392074400,NA,NA,NA
NPL,2016,NP,Nepal,8.67174497718273,NA,NA,NA,23.6261039405048,1901815571200,5.36876419151548,2287167403600,36,NA,NA
NRU,2014,NR,Nauru,NA,0.0788501599627345,NA,NA,NA,NA,16.1380244251859,152114200,NA,NA,NA
NRU,2015,NR,Nauru,NA,0.0762903659245616,NA,NA,NA,NA,0,148867700,NA,NA,NA
NRU,2016,NR,Nauru,NA,NA,NA,NA,NA,NA,NA,175800000,NA,NA,NA
NZL,2014,NZ,New Zealand,NA,30.3226371357853,NA,2.74631,NA,139467000000,11.0804983229516,232310999000,NA,NA,NA
NZL,2015,NZ,New Zealand,NA,30.7891755544734,NA,NA,NA,145961000000,11.3060382823322,245542829900,NA,NA,NA
NZL,2016,NZ,New Zealand,NA,NA,NA,NA,30.4786887810956,155712000000,9.99640550365564,261187424200,NA,NA,NA
OMN,2014,OM,Oman,NA,0,NA,106.231736,NA,9600000000,49.9002373773016,29486724900,14.1,NA,NA
OMN,2015,OM,Oman,NA,0,NA,NA,NA,10133200000,38.3346603623355,25960315900,NA,NA,NA
OMN,2016,OM,Oman,NA,NA,NA,NA,1.0183041615309,10406800000,33.3297836675935,24942000000,NA,NA,NA
PAK,2014,PK,Pakistan,14.4485123842593,46.6045297407692,NA,102.500488,NA,20391213940700,13.5424307987606,26597032000000,NA,NA,NA
PAK,2015,PK,Pakistan,12.3430445767404,46.4763249199424,NA,NA,NA,21890279327100,12.792088958229,29117833495100,NA,3.9,2.72
PAK,2016,PK,Pakistan,13.712117164744,NA,NA,NA,9.7949078821214,23266453990000,12.080755043235,30858493000000,NA,NA,NA
PAN,2014,PA,Panama,NA,19.7707885923084,NA,1.049281,NA,26970200000,6.60577106056509,44982164400,NA,3.5,NA
PAN,2015,PA,Panama,NA,21.2341523445028,NA,NA,NA,27871100000,6.39081411750786,48743113800,NA,2,NA
PAN,2016,PA,Panama,NA,NA,NA,NA,5.23495043629487,29818500000,6.17209822352892,52192394200,NA,2.2,NA
PER,2014,PE,Peru,4.07277686760174,25.996864934782,NA,1.161169,NA,368081000000,13.9596976357841,544232000000,14.8,3.7,NA
PER,2015,PE,Peru,4.14965382977644,25.5039055158479,NA,NA,NA,394789000000,13.7880201715375,583720000000,14.7,3.6,NA
PER,2016,PE,Peru,4.18730589447721,NA,NA,NA,13.1137339130108,421005000000,13.3440281131691,620811000000,13.1,3.5,NA
PHL,2014,PH,Philippines,6.12320512506086,28.5821718521248,NA,25.050042,NA,9163823351200,20.6079273953202,15310965553000,NA,NA,NA
PHL,2015,PH,Philippines,6.82896736759759,27.4515444500126,NA,NA,NA,9825882526500,20.0361311422289,16114406405400,33.1,6.1,5.12
PHL,2016,PH,Philippines,7.75259452677683,NA,NA,NA,3.14138638190187,10672796971900,19.6652498870977,17430742408816.9,NA,NA,NA
PLW,2014,PW,Palau,NA,0,NA,NA,NA,173194300,0.997215676113627,259694300,NA,NA,NA
PLW,2015,PW,Palau,NA,0,NA,NA,NA,185506900,0.94344703418016,303658400,NA,NA,NA
PLW,2016,PW,Palau,NA,NA,NA,NA,82.9399513943563,198059400,0.934875265555487,322939400,NA,NA,NA
PNG,2014,PG,Papua New Guinea,1.04595167187605,52.5523496129111,NA,0.088169,NA,NA,2.12822910600269,56141973996.1679,NA,NA,NA
PNG,2015,PG,Papua New Guinea,1.01830610012149,52.4986519522615,NA,NA,NA,NA,1.77710949665439,59044111724.6277,NA,NA,NA
PNG,2016,PG,Papua New Guinea,1.2123476585229,NA,NA,NA,0.657996414830911,NA,1.93140256498008,64317987504.5552,NA,NA,NA
POL,2014,PL,Poland,NA,11.5693155275748,NA,37.787668,NA,1032633000000,16.7673197979575,1656858000000,2.6,0.3,NA
POL,2015,PL,Poland,NA,11.9114882087605,NA,NA,NA,1051486000000,17.6199543835052,1734919000000,NA,0.4,NA
POL,2016,PL,Poland,NA,NA,NA,NA,38.0371484381702,1088373000000,18.0538301832453,1787820000000,NA,0.2,NA
PRI,2014,PR,Puerto Rico,NA,1.62786914395754,NA,21.2749,NA,61899400000,46.7331994088581,68797500000,NA,NA,NA
PRI,2015,PR,Puerto Rico,NA,1.83744638261367,NA,NA,NA,61640500000,47.9026461782531,69602000000,NA,NA,NA
PRI,2016,PR,Puerto Rico,NA,NA,NA,NA,2.02425214978926,60979400000,48.4428777218371,69985200000,NA,NA,NA
PRK,2014,KP,"Korea, Dem. People’s Rep.",NA,21.0331869949215,NA,15.933403,NA,NA,NA,NA,NA,NA,NA
PRK,2015,KP,"Korea, Dem. People’s Rep.",NA,23.1232614917341,NA,NA,NA,NA,NA,NA,NA,NA,NA
PRK,2016,KP,"Korea, Dem. People’s Rep.",NA,NA,NA,NA,1.26053207722418,NA,NA,NA,NA,NA,NA
PRT,2014,PT,Portugal,NA,30.4570080786211,NA,17.050567,NA,114449559000,11.7914514750223,169513182000,NA,0.5,NA
PRT,2015,PT,Portugal,NA,27.15729838594,NA,NA,NA,117810347000,12.1387087742417,174892487000,NA,0.5,NA
PRT,2016,PT,Portugal,NA,NA,NA,NA,9.09757449950512,122024350000,12.1533851519641,181959589000,NA,0.4,NA
PRY,2014,PY,Paraguay,1.96914207752011,63.1169353100132,NA,0.933105,NA,115312289225500,18.8147575547989,173192545188300,NA,2.4,NA
PRY,2015,PY,Paraguay,2.68597485967027,61.6769945886019,NA,NA,NA,122015837962700,19.4419248607494,181171543210500,NA,1.9,NA
PRY,2016,PY,Paraguay,3.221353810559,NA,NA,NA,6.5103621832615,129392557327000,19.0798869205601,196156109732800,5.6,1.7,NA
PSE,2014,PS,West Bank and Gaza,NA,10.5302584688409,NA,48.74552,NA,11840400000,11.9962880241593,14198247100,7.4,NA,NA
PSE,2015,PS,West Bank and Gaza,NA,10.4727149640955,NA,NA,NA,11805100000,10.6344196322891,14385300000,NA,NA,NA
PSE,2016,PS,West Bank and Gaza,NA,NA,NA,NA,NA,12337700000,10.9856469308863,15321900000,NA,1,-0.89
PYF,2014,PF,French Polynesia,NA,10.1623565081656,NA,NA,NA,NA,NA,NA,NA,NA,NA
PYF,2015,PF,French Polynesia,NA,9.82915476747146,NA,NA,NA,NA,NA,NA,NA,NA,NA
PYF,2016,PF,French Polynesia,NA,NA,NA,NA,0.00585508371915418,NA,NA,NA,NA,NA,NA
QAT,2014,QA,Qatar,NA,0,NA,472.53599,NA,118461000000,10.142168604078,716804180000,NA,NA,NA
QAT,2015,QA,Qatar,NA,0,NA,NA,NA,131230000000,8.91558652224353,575754944000,NA,NA,NA
QAT,2016,QA,Qatar,NA,NA,NA,NA,0.778383955157715,141982000000,8.47611374150153,548267000000,NA,NA,NA
ROU,2014,RO,Romania,10.0339196444289,24.3318800956785,NA,5.098177,NA,411326300000,20.9798649426607,660127581600,NA,7.6,NA
ROU,2015,RO,Romania,10.2961217089477,23.6977940316245,NA,NA,NA,440026300000,19.5843936705063,695972390000,NA,5.7,NA
ROU,2016,RO,Romania,5.14619913176707,NA,NA,NA,22.5799678343345,478247800000,20.120229700521,745074996400,NA,3.6,NA
RUS,2014,RU,Russian Federation,8.20491767892922,3.42242694642671,NA,2.008358,NA,42245000000000,11.4757935133541,76450217892883,NA,0,NA
RUS,2015,RU,Russian Federation,10.2629420960796,3.30422835092973,NA,NA,NA,43556400000000,12.4776505521481,80793982002722.6,NA,0,NA
RUS,2016,RU,Russian Federation,8.14708855818151,NA,NA,NA,7.61117652631545,45661300000000,12.0106688927282,83633957228834.1,NA,0,NA
RWA,2014,RW,Rwanda,4.19288688697768,88.1813037678132,NA,1.443692,NA,4254170000000,2.69175633272645,5344035000000,NA,NA,NA
RWA,2015,RW,Rwanda,3.9995815781365,86.6553742907747,NA,NA,NA,4952182000000,2.2038373620172,5823502000000,36.9,NA,NA
RWA,2016,RW,Rwanda,4.32943666668737,NA,NA,NA,9.11516142086508,5153301000000,2.05004336460151,6506270000000,NA,55.5,0.31
SAU,2014,SA,Saudi Arabia,NA,0.00600874219762672,NA,1242.637483,NA,909857188416.353,10.7953066452234,2898286102500,NA,NA,NA
SAU,2015,SA,Saudi Arabia,NA,0.00597654216323794,NA,NA,NA,988806906121.609,12.6844744699781,2518312235800,NA,NA,NA
SAU,2016,SA,Saudi Arabia,NA,NA,NA,NA,4.04094603755622,1035456570225.93,12.9071405606354,2477483680400,NA,NA,NA
SDN,2014,SD,Sudan,4.28122971220554,62.436028468759,NA,93.669567,NA,336637549500,NA,425756100000,38.2,12.7,NA
SDN,2015,SD,Sudan,10.6248435869046,61.5967474758976,NA,NA,NA,435518266000,NA,530049400000,NA,NA,NA
SDN,2016,SD,Sudan,6.31217481323265,NA,NA,NA,2.75330083929237,443522042000,NA,537782574000,NA,NA,NA
SEN,2014,SN,Senegal,5.34825107340101,43.3570635809297,NA,7.232797,NA,7259900000000,16.997442455243,9588490000000,18.8,NA,NA
SEN,2015,SN,Senegal,6.34568339989361,42.7117516284132,NA,NA,NA,7631700000000,17.0439730889644,10277180000000,20.7,NA,NA
SEN,2016,SN,Senegal,6.87408338066162,NA,NA,NA,14.4899514635033,8078200000000,16.4126061293582,10988000000000,17.1,NA,NA
SGP,2014,SG,Singapore,NA,0.621625222931533,NA,31.666667,NA,149942100000,17.9997688921285,385070000000,NA,NA,NA
SGP,2015,SG,Singapore,NA,0.70863529719762,NA,NA,NA,157343700000,18.0893298548734,394551300000,NA,NA,NA
SGP,2016,SG,Singapore,NA,NA,NA,NA,2.48665252687779,160034300000,17.61430512986,408820300000,NA,NA,NA
SLB,2014,SB,Solomon Islands,1.53114441299071,62.9931406428089,NA,0,NA,NA,NA,8110030000,NA,NA,NA
SLB,2015,SB,Solomon Islands,1.62200780166738,63.3074463971862,NA,NA,NA,NA,NA,8873000000,31.7,NA,NA
SLB,2016,SB,Solomon Islands,1.92452782067026,NA,NA,NA,0.15528252541981,NA,NA,9256831070.91097,NA,NA,NA
SLE,2014,SL,Sierra Leone,2.3010610227046,73.0542862186249,NA,0.177541,NA,22877911635700,1.5326085619639,22150949136700,NA,NA,NA
SLE,2015,SL,Sierra Leone,6.57032575412766,77.660558628128,NA,NA,NA,22075656494200,1.76862882421339,21126586132100,NA,NA,NA
SLE,2016,SL,Sierra Leone,3.64252655441156,NA,NA,NA,3.29728394383981,23600926161300,1.82070787825313,20612030432900,NA,NA,NA
SLV,2014,SV,El Salvador,12.9962738815942,28.265443146539,NA,11.370042,NA,19576630000,16.0757756827336,21558000000,13.6,3,NA
SLV,2015,SV,El Salvador,12.782641106021,24.400769994085,NA,NA,NA,19939750000,16.3879170577694,22346000000,NA,1.9,NA
SLV,2016,SV,El Salvador,13.845304509161,NA,NA,NA,2.15222717624485,20240080000,16.2291959923822,22925000000,NA,2.2,NA
SMR,2014,SM,San Marino,NA,NA,NA,NA,NA,NA,NA,NA,NA,NA,NA
SMR,2015,SM,San Marino,NA,NA,NA,NA,NA,NA,NA,NA,NA,NA,NA
SMR,2016,SM,San Marino,NA,NA,NA,NA,NA,NA,NA,NA,NA,NA,NA
SOM,2014,SO,Somalia,NA,94.4269497405014,NA,30.33607,NA,121828894511800,NA,79565961736200,NA,NA,NA
SOM,2015,SO,Somalia,NA,94.2859666089416,NA,NA,NA,136041052225200,NA,89453674517300,NA,NA,NA
SOM,2016,SO,Somalia,NA,NA,NA,NA,0.827283619408155,146966372090900,NA,96125339499500,NA,NA,NA
SRB,2014,RS,Serbia,11.5195990989679,23.4292907492289,NA,4.278044,NA,3058020300000,14.9636592386797,4003006542000,6,7.1,NA
SRB,2015,RS,Serbia,8.70504048225541,21.1738852789742,NA,NA,NA,3104632800000,14.7139840902612,4111863117600,NA,6.9,NA
SRB,2016,RS,Serbia,8.2014200067266,NA,NA,NA,6.14965014896773,3207087400000,14.7392653210505,4272300044000,NA,6.6,NA
SSD,2014,SS,South Sudan,NA,29.8296332934483,NA,1.329293,NA,25328033058.7462,2.67583572711728,36887427870.5278,NA,NA,NA
SSD,2015,SS,South Sudan,NA,39.0743843216671,NA,NA,NA,3169304607.43254,3.53427711899319,39508942566.975,NA,NA,NA
SSD,2016,SS,South Sudan,NA,NA,NA,NA,15.5015818826495,NA,NA,NA,NA,NA,NA
STP,2014,ST,Sao Tome and Principe,13.7996252250888,41.8094376905841,NA,0.460033,NA,NA,6.46607673259779,6548897223.16821,17.2,NA,NA
STP,2015,ST,Sao Tome and Principe,2.82954097017897,41.0559989770475,NA,NA,NA,NA,6.36878679615693,7007948396.21539,NA,NA,NA
STP,2016,ST,Sao Tome and Principe,2.71324070560958,NA,NA,NA,0.244162518792601,NA,7.01629612218783,7718849893.65135,NA,NA,NA
SUR,2014,SR,Suriname,NA,25.38253636521,NA,0.956564,NA,NA,16.3524921938244,17058420900,NA,NA,NA
SUR,2015,SR,Suriname,NA,24.9131103610308,NA,NA,NA,NA,9.89790303845449,16312540900,NA,NA,NA
SUR,2016,SR,Suriname,NA,NA,NA,NA,8.48321297296984,NA,13.2758620689655,19047906800,NA,NA,NA
SVK,2014,SK,Slovak Republic,NA,12.2427515458209,NA,1.908712,NA,41995071000,19.2606519294728,75126946000,NA,0.6,NA
SVK,2015,SK,Slovak Republic,NA,13.4091682209694,NA,NA,NA,43106179000,19.5087757624614,77150204000,NA,0.7,NA
SVK,2016,SK,Slovak Republic,NA,NA,NA,NA,37.283515729079,44639022000,18.5445096328988,79704463000,NA,1.4,-0.58
SVN,2014,SI,Slovenia,NA,22.3004865571111,NA,6.127563,NA,20692925500,19.6232058782984,37288910000,NA,0,NA
SVN,2015,SI,Slovenia,NA,20.8773961432658,NA,NA,NA,20984963500,19.9393836826129,37654330000,NA,0,NA
SVN,2016,SI,Slovenia,NA,NA,NA,NA,55.0920233425064,21759899300,20.1791828761859,39341630000,NA,0,NA
SWE,2014,SE,Sweden,NA,49.69341469037,NA,2.876045,NA,1856607000000,13.0725808760989,4065206000000,NA,0.5,NA
SWE,2015,SE,Sweden,NA,53.2477697984376,NA,NA,NA,1942384000000,13.5902554791862,4286523000000,NA,0.5,NA
SWE,2016,SE,Sweden,NA,NA,NA,NA,12.8652828471003,1998877000000,13.3528949121099,4446132000000,NA,0.3,NA
SWZ,2014,SZ,Eswatini,1.66420649721168,67.6940886175817,NA,32.347334,NA,33440958099.3652,30.6462053199903,48107554118.75,25.5,NA,NA
SWZ,2015,SZ,Eswatini,1.71139639759226,66.1046592063012,NA,NA,NA,34761402343.75,31.6037470304955,52478807981.25,NA,NA,NA
SWZ,2016,SZ,Eswatini,2.19499757841215,NA,NA,NA,4.095547390098,35585415771.4844,31.0301180157382,56345764893.75,NA,28.4,4.67
SXM,2014,SX,Sint Maarten (Dutch part),NA,0.0479595111742185,NA,NA,NA,NA,0.924116808364577,1811700000,NA,NA,NA
SXM,2015,SX,Sint Maarten (Dutch part),NA,0.0463340318516937,NA,NA,NA,NA,0.906281104300906,1817900000,NA,NA,NA
SXM,2016,SX,Sint Maarten (Dutch part),NA,NA,NA,NA,5.0561797752809,NA,0.81813444502345,1849600000,NA,NA,NA
SYC,2014,SC,Seychelles,NA,1.2985376439681,NA,NA,NA,9584250435.96695,6.50119903184419,16000372600,NA,NA,NA
SYC,2015,SC,Seychelles,NA,1.35293554797754,NA,NA,NA,9882224936.81307,5.98408827247997,17232116000,NA,NA,NA
SYC,2016,SC,Seychelles,NA,NA,NA,NA,0.0513670647204141,10613115994.2566,5.75056592801156,17560042800,NA,NA,NA
SYR,2014,SY,Syrian Arab Republic,NA,2.35322956372371,NA,109.407816,NA,NA,NA,NA,NA,NA,NA
SYR,2015,SY,Syrian Arab Republic,NA,0.52115517170161,NA,NA,NA,NA,NA,NA,NA,NA,NA
SYR,2016,SY,Syrian Arab Republic,NA,NA,NA,NA,0.66292384624593,NA,NA,NA,NA,NA,NA
TCA,2014,TC,Turks and Caicos Islands,NA,0.576831433360749,NA,NA,NA,NA,0.732309868194661,825430066,NA,NA,NA
TCA,2015,TC,Turks and Caicos Islands,NA,0.572166001038355,NA,NA,NA,NA,0.698471010098303,895202820,NA,NA,NA
TCA,2016,TC,Turks and Caicos Islands,NA,NA,NA,NA,0.387735700796855,NA,0.695244676921636,953114810,NA,NA,NA
TCD,2014,TD,Chad,NA,89.2400626970031,NA,2.438931,NA,4702588836000,2.68799114850372,6585044600000,NA,NA,NA
TCD,2015,TD,Chad,NA,89.357395570733,NA,NA,NA,4746746440900,2.77829008341057,6277768000000,39.8,NA,NA
TCD,2016,TD,Chad,NA,NA,NA,NA,20.3544453722663,4510477136800,2.95510632352941,5873727500000,NA,NA,NA
TGO,2014,TG,Togo,2.73650611408402,72.1615065976613,NA,1.774125,NA,1662048000000,7.42197926824896,2281838442200,27.6,NA,NA
TGO,2015,TG,Togo,3.16589261637357,71.2646671412409,NA,NA,NA,1773608000000,6.80700564816324,2554926248900,NA,49.8,2.55
TGO,2016,TG,Togo,4.7336018426063,NA,NA,NA,21.7913330548002,1839318000000,7.04766324596871,2684849740000,NA,NA,NA
THA,2014,TH,Thailand,0.240444076405461,24.0957260406663,NA,17.488838,NA,6933447000000,27.7210775476688,12549604000000,NA,0,NA
THA,2015,TH,Thailand,0.495078575713258,22.8630701280756,NA,NA,NA,7011869000000,27.53916334339,13034490640000,NA,0,NA
THA,2016,TH,Thailand,0.27486169384326,NA,NA,NA,12.5097447231165,7251013000000,27.3781793194975,13869204320000,10.5,0,NA
TJK,2014,TJ,Tajikistan,4.27610056230703,45.7563923571945,NA,71.354123,NA,46420000000,7.61766542724491,55776737600,NA,NA,NA
TJK,2015,TJ,Tajikistan,5.33561427667583,44.6592039196129,NA,NA,NA,46436000000,8.69822986364021,57821368300,NA,4.8,NA
TJK,2016,TJ,Tajikistan,7.4144378253856,NA,NA,NA,22.278588511869,49410000000,9.72042489688706,63987284700,19.6,NA,NA
TKM,2014,TM,Turkmenistan,NA,0.0412616635099097,NA,162.83132,NA,NA,NA,112869150000,NA,NA,NA
TKM,2015,TM,Turkmenistan,NA,0.0408878864181804,NA,NA,NA,NA,NA,117969700000,11.5,NA,NA
TKM,2016,TM,Turkmenistan,NA,NA,NA,NA,3.21223105882721,NA,NA,123290600000,NA,NA,NA
TLS,2014,TL,Timor-Leste,0.00811645621178257,18.4224883739056,NA,14.266586,NA,937687100,0.278421837488127,3340837845.77153,NA,30.7,NA
TLS,2015,TL,Timor-Leste,0.0219925896256461,18.2236892844473,NA,NA,NA,931250900,0.501544836606109,2795074690.82183,NA,NA,NA
TLS,2016,TL,Timor-Leste,0.124179938344076,NA,NA,NA,4.42200884053989,1005377400,0.722938603423539,2264007661.85939,NA,NA,NA
TON,2014,TO,Tonga,7.26594469709816,1.69762930874545,NA,NA,NA,NA,6.21504039776258,810233200,NA,NA,NA
TON,2015,TO,Tonga,4.99484141176321,1.87975158224647,NA,NA,NA,NA,6.19312138045148,854873500,NA,1,NA
TON,2016,TO,Tonga,5.07060287402721,NA,NA,NA,1.52163261595664,NA,6.20573355817875,895125800,NA,NA,NA
TTO,2014,TT,Trinidad and Tobago,NA,0.280380127538186,NA,12.332322,NA,NA,16.0520179645827,165936583280,NA,NA,NA
TTO,2015,TT,Trinidad and Tobago,NA,0.284205763881456,NA,NA,NA,NA,15.3425915672367,158306751520,NA,NA,NA
TTO,2016,TT,Trinidad and Tobago,NA,NA,NA,NA,2.01452631474999,NA,18.8287762116363,145760463700,NA,NA,NA
TUN,2014,TN,Tunisia,7.65907933318149,12.9336297100125,NA,94.008733,NA,55889500000,15.5621563734304,77972800000,NA,NA,NA
TUN,2015,TN,Tunisia,9.00862454989778,12.5623503533853,NA,NA,NA,60402800000,15.2730398599111,82020600000,NA,0.2,5.36
TUN,2016,TN,Tunisia,9.91796157704275,NA,NA,NA,5.20860952560716,64484600000,14.9219140659368,87246700000,NA,NA,NA
TUR,2014,TR,Turkey,5.20286519809019,11.6078875438469,NA,27.489558,NA,1242228534000,16.7919079456176,2026508884622.47,NA,0.3,NA
TUR,2015,TR,Turkey,5.3695219477884,13.3742300375217,NA,NA,NA,1411800255000,16.7103593653897,2312298780983.11,NA,0.3,NA
TUR,2016,TR,Turkey,6.69166939760407,NA,NA,NA,0.190624822703985,1560518475000,16.5986325526423,2580791857232.6,NA,0.2,NA
TUV,2014,TV,Tuvalu,NA,0,NA,NA,NA,NA,NA,55135900,NA,NA,NA
TUV,2015,TV,Tuvalu,NA,0,NA,NA,NA,NA,NA,74091400,NA,NA,NA
TUV,2016,TV,Tuvalu,NA,NA,NA,NA,0.00860724172331735,NA,NA,74600000,NA,NA,NA
TZA,2014,TZ,Tanzania,2.05918183695257,86.6736033198387,NA,7.447489,NA,50962857884200,9.12010900018827,81239902125400,34.7,NA,NA
TZA,2015,TZ,Tanzania,2.8246583088994,85.7130419384343,NA,NA,NA,60253238103100,7.85556496098664,92556675535400,34.5,NA,NA
TZA,2016,TZ,Tanzania,5.58050893961966,NA,NA,NA,30.8434525614166,66620320687900,7.81371783783383,105946338027300,NA,NA,NA
UGA,2014,UG,Uganda,1.98292809349122,90.2221300582891,NA,1.331451,NA,51406979428000,8.50774817371933,67735964381300,34,NA,NA
UGA,2015,UG,Uganda,1.85134846884617,89.0579489792097,NA,NA,NA,58804153657200,8.70425750745376,75134234490000,NA,NA,NA
UGA,2016,UG,Uganda,2.10514749410624,NA,NA,NA,16.0640835978875,64034950819100,8.71151843833483,81328114160351.9,28.9,41.7,-2.2
UKR,2014,UA,Ukraine,10.5972566531809,3.49974621772774,NA,13.905757,NA,1133749000000,12.2281281606135,1568389900000,NA,0,NA
UKR,2015,UA,Ukraine,30.5203164555995,4.14431803937237,NA,NA,NA,1347314000000,11.9027791187924,1964280600000,NA,0.1,NA
UKR,2016,UA,Ukraine,6.7117921507836,NA,NA,NA,3.86287620859695,1588601000000,12.2191260296634,2361440300000,NA,0.1,NA
URY,2014,UY,Uruguay,NA,55.3913387150355,NA,3.522683,NA,892812296006.238,12.1433021774416,1246494322800,NA,0.1,NA
URY,2015,UY,Uruguay,NA,58.0220411778528,NA,NA,NA,972962844227.261,13.2426613300655,1390682307800,NA,0.1,NA
URY,2016,UY,Uruguay,NA,NA,NA,NA,2.32500934184476,1051065615683.27,12.8180677589399,1510952946800,NA,0.1,NA
USA,2014,US,United States,NA,8.75430895443964,NA,22.609486,NA,11822753000000,11.6390719614778,18057489000000,2.4,NA,NA
USA,2015,US,United States,NA,8.71693586705814,NA,NA,NA,12284281000000,11.615354051072,18704317000000,NA,NA,NA
USA,2016,US,United States,NA,NA,NA,NA,26.326199718432,12748483000000,11.122251435452,19045164000000,3.5,1.2,1.31
UZB,2014,UZ,Uzbekistan,NA,2.89678351276622,NA,138.819613,NA,106424676690981,13.3813545377156,183916540608000,NA,NA,NA
UZB,2015,UZ,Uzbekistan,NA,2.97017869966095,NA,NA,NA,129005247588586,13.4900832991181,213931596703000,NA,NA,NA
UZB,2016,UZ,Uzbekistan,3.40551159310314,NA,NA,NA,3.3750589802659,152723540862479,14.3818558802418,245266232200000,NA,NA,NA
VCT,2014,VC,St. Vincent and the Grenadines,11.5959922691261,5.80094729889746,NA,11.178196,NA,1651447200,4.87930253507937,1884209600,NA,NA,NA
VCT,2015,VC,St. Vincent and the Grenadines,11.6394582889204,5.80743339677968,NA,NA,NA,1638000300,4.87698447719629,1990387100,NA,NA,NA
VCT,2016,VC,St. Vincent and the Grenadines,10.7622804526348,NA,NA,NA,0.465862061493792,1701466200,4.9111412939511,2076813100,NA,NA,NA
VEN,2014,VE,"Venezuela, RB",10.664123186085,12.3158343003505,NA,2.579149,NA,2282210369000,12.0733564315826,2997147779000,NA,NA,NA
VEN,2015,VE,"Venezuela, RB",24.0715088534166,12.8415785518796,NA,NA,NA,NA,NA,NA,NA,NA,NA
VEN,2016,VE,"Venezuela, RB",33.2291757809566,NA,NA,NA,36.9025423875064,NA,NA,NA,NA,NA,NA
VGB,2014,VG,British Virgin Islands,NA,1.21680518801857,NA,NA,NA,NA,NA,NA,NA,NA,NA
VGB,2015,VG,British Virgin Islands,NA,1.22913566907501,NA,NA,NA,NA,NA,NA,NA,NA,NA
VGB,2016,VG,British Virgin Islands,NA,NA,NA,NA,0.0743447440124602,NA,NA,NA,NA,NA,NA
VIR,2014,VI,Virgin Islands (U.S.),NA,2.75500250810063,NA,NA,NA,2527000000,NA,NA,NA,NA,NA
VIR,2015,VI,Virgin Islands (U.S.),NA,3.87752521400119,NA,NA,NA,2527000000,NA,NA,NA,NA,NA
VIR,2016,VI,Virgin Islands (U.S.),NA,NA,NA,NA,0.991597515787276,2527000000,NA,NA,NA,NA,NA
VNM,2014,VN,Vietnam,2.17315883549006,37.0354726305609,NA,12.789318,NA,2591337e9,13.1787957710998,3750823e9,24.9,2.7,NA
VNM,2015,VN,Vietnam,1.55714365676324,34.9985698382085,NA,NA,NA,284954e10,13.694726895376,3977609e9,24.6,NA,NA
VNM,2016,VN,Vietnam,1.7963109419173,NA,NA,NA,2.92944743522906,3086298e9,14.2655138556961,4314321e9,24.3,2,NA
VUT,2014,VU,Vanuatu,1.61220458101837,32.1428306641906,NA,0,NA,48750000000,3.3131502104691,79583654000,NA,NA,NA
VUT,2015,VU,Vanuatu,1.76192358239016,36.111064596662,NA,NA,NA,NA,3.48921471533129,83046394000,NA,NA,NA
VUT,2016,VU,Vanuatu,1.95213746501225,NA,NA,NA,0.0907589290005189,NA,NA,86988250000,NA,NA,NA
WSM,2014,WS,Samoa,7.80905294054253,42.3350774376652,NA,NA,NA,NA,8.89772274343641,1688820837.60298,4.9,NA,NA
WSM,2015,WS,Samoa,8.76449556483616,34.3248944081542,NA,NA,NA,NA,8.29679876654583,1872021461.92996,NA,NA,NA
WSM,2016,WS,Samoa,8.95290218154212,NA,NA,NA,0.228551141091498,NA,8.08544355667818,2040715381.2261,NA,NA,NA
XKX,2014,XK,Kosovo,2.19901689573133,21.4611558950136,NA,NA,NA,4821000000,10.3427143343127,5681267898.79321,NA,0.7,NA
XKX,2015,XK,Kosovo,2.61118858227179,20.4509089678075,NA,NA,NA,4964600000,10.7773382131834,5899647725.04724,NA,0.4,NA
XKX,2016,XK,Kosovo,4.65616417163433,NA,NA,NA,NA,5218100000,10.9693509824282,6144618109.7711,NA,0.6,NA
YEM,2014,YE,"Yemen, Rep.",3.81962037765468,0.974200974559375,NA,227.681387,NA,NA,8.557794861892,8726158573000,NA,18.8,NA
YEM,2015,YE,"Yemen, Rep.",18.8468169877565,2.27641668698264,NA,NA,NA,NA,NA,NA,NA,NA,NA
YEM,2016,YE,"Yemen, Rep.",14.5053581420996,NA,NA,NA,0.605805312181478,NA,NA,NA,NA,NA,NA
ZAF,2014,ZA,South Africa,2.93548457295793,16.5881622011429,NA,42.915441,NA,2282036186100,12.0463086139306,3703806000000,NA,18.9,NA
ZAF,2015,ZA,South Africa,3.05306827987021,17.1501412476598,NA,NA,NA,2420139000000,12.021677657928,3949518000000,NA,NA,NA
ZAF,2016,ZA,South Africa,4.53370559361041,NA,NA,NA,12.9850092764781,2584373000000,12.0261707799388,4238591000000,27.4,NA,NA
ZMB,2014,ZM,Zambia,1.87828023328222,88.0340372906068,NA,2.144046,NA,87146200000,6.82001575553539,163871800000,NA,NA,NA
ZMB,2015,ZM,Zambia,4.2187555999549,87.9854523585353,NA,NA,NA,92876500000,7.52231282285906,180373800000,NA,57.5,-0.59
ZMB,2016,ZM,Zambia,7.23518897294243,NA,NA,NA,38.0490508448198,111079500000,7.6861423983563,211363300000,NA,NA,NA
ZWE,2014,ZW,Zimbabwe,3.2296279703995,81.0492915007339,NA,24.287928,NA,16300558000,12.5907647006238,17643284500,27.6,NA,NA
ZWE,2015,ZW,Zimbabwe,3.72831305493605,81.797808552401,NA,NA,NA,17870048600,11.8885992203043,17980769300,27.1,NA,NA
ZWE,2016,ZW,Zimbabwe,5.58727012849016,NA,NA,NA,27.2145424089062,17126635500,11.5960198919073,18772952300,NA,NA,NA
