iso3c,country,date,SPI.D1.MSC,SPI.D1.1.SNAU,SPI.D1.2.NABY,SPI.D1.3.CNIN,SPI.D1.4.CPIBY,SPI.D1.5.HOUS,SPI.D1.6.EMPL,SPI.D1.7.CGOV,SPI.D1.8.FINA,SPI.D1.9.MONY,SPI.D1.10.IDDS,SPI.D1.11.CRVS,SPI.D1.12.GSBP,SPI.D2.CS,SPI.D2.1.POPU,SPI.D2.2.AGRI,SPI.D2.3.BIZZ,SPI.D2.4.HOUS,SPI.D2.5.AGRI,SPI.D2.6.LABR,SPI.D2.7.HLTH,SPI.D2.8.BIZZ,SPI.D3.AKI,SI.POV.NAHC,SH.DYN.MORT,SH.IMM.MEAS,SE.PRM.CMPT.ZS,SE.ADT.LITR.ZS,SH.H2O.BASW.ZS,SL.UEM.TOTL.NE.ZS,NV.IND.MANF.ZS,NE.GDI.TOTL.ZS,NY.GDP.DEFL.KD.ZG,BN.GSR.GNFS.CD,SN.ITK.DEFC.ZS,SPI.D4.DPO,SPI.D4.1.CALD,SPI.D4.2.NADA,SPI.D4.3.PORT,SPI.D4.4.TIME,SPI.D4.5.META,SPI.D4.6.USER,SPI.D4.7.GEOS,SPI
AFG,Afghanistan,2016,33.3333333333333,0.5,0,0,0,1,0,0.5,0.5,1,0.5,0,0,37.5,0,0,0,1,0,0,1,1,66.6666666666667,0,1,1,0,0,1,0,1,1,1,1,1,28.5714285714286,0,0,0,1,0,1,0,41.5178571428571
AGO,Angola,2016,37.5,0.5,0,1,0.5,1,0,0,0,1,0.5,0,0,50,1,1,0.5,0.6,0,0,0.3,0.6,75,0,1,1,0,1,1,0,1,1,1,1,1,0,0,0,0,0,0,0,0,40.625
ALB,Albania,2016,79.1666666666667,0.5,1,1,0.5,1,0,1,1,1,0.5,1,1,70,1,1,0,1,0,1,0.6,1,83.3333333333333,0,1,1,1,0,1,1,1,1,1,1,1,85.7142857142857,1,0,1,1,1,1,1,79.5535714285714
ARE,United Arab Emirates,2016,50,0.5,0.5,1,0.5,1,0,1,1,0,0.5,0,0,32.5,1,1,0,0.6,0,0,0,0,75,0,1,1,1,1,1,0,1,1,1,0,1,42.8571428571429,0,0,1,1,1,0,0,50.0892857142857
ARG,Argentina,2016,45.8333333333333,1,0,0.5,0,1,0,1,0,0,1,1,0,65,1,1,0,1,0.3,1,0.3,0.6,91.6666666666667,0,1,1,1,1,1,1,1,1,1,1,1,71.4285714285714,1,1,0,1,1,0,1,68.4821428571429
ARM,Armenia,2016,79.1666666666667,0.5,1,1,0.5,1,1,0,0.5,1,1,1,1,65,1,1,0,1,0.3,1,0.3,0.6,91.6666666666667,1,1,1,1,0,1,1,1,1,1,1,1,85.7142857142857,1,1,1,1,1,1,0,80.3869047619048
ATG,Antigua and Barbuda,2016,33.3333333333333,0.5,0.5,0.5,0,0,0,0,0,1,0.5,1,0,32.5,1,1,0,0.3,0,0,0,0.3,66.6666666666667,0,1,1,1,1,1,0,1,0,1,1,0,0,0,0,0,0,0,0,0,33.125
AUS,Australia,2016,95.8333333333333,1,1,1,1,1,1,1,0.5,1,1,1,1,100,1,1,1,1,1,1,1,1,75,0,1,1,0,0,1,1,1,1,1,1,1,100,1,1,1,1,1,1,1,92.7083333333333
AUT,Austria,2016,91.6666666666667,1,1,1,1,1,0,1,1,1,1,1,1,100,1,1,1,1,1,1,1,1,83.3333333333333,0,1,1,1,0,1,1,1,1,1,1,1,57.1428571428571,1,1,1,0,1,0,0,83.0357142857143
AZE,Azerbaijan,2016,62.5,0.5,0,1,1,1,0,0.5,0,1,0.5,1,1,51.25,1,1,0,0.6,0,0.6,0.3,0.6,91.6666666666667,0,1,1,1,1,1,1,1,1,1,1,1,85.7142857142857,1,0,1,1,1,1,1,72.7827380952381
BDI,Burundi,2016,33.3333333333333,0.5,0,0.5,0.5,1,0,0,0,1,0.5,0,0,60,1,1,0,1,0.6,0,0.6,0.6,91.6666666666667,1,1,1,1,1,1,1,1,1,1,1,0,42.8571428571429,1,1,0,0,1,0,0,56.9642857142857
BEL,Belgium,2016,87.5,1,1,1,0.5,1,0,1,1,1,1,1,1,100,1,1,1,1,1,1,1,1,75,0,1,1,0,0,1,1,1,1,1,1,1,57.1428571428571,1,0,1,1,1,0,0,79.9107142857143
BEN,Benin,2016,20.8333333333333,0,0.5,0.5,0.5,0,0,0,0.5,0,0.5,0,0,78.75,1,1,1,1,0,1,1,0.3,83.3333333333333,1,1,1,1,0,1,0,1,1,1,1,1,28.5714285714286,0,1,0,0,1,0,0,52.8720238095238
BFA,Burkina Faso,2016,25,0.5,0,0.5,0.5,1,0,0,0,0,0.5,0,0,73.75,1,1,0,1,1,0.3,1,0.6,100,1,1,1,1,1,1,1,1,1,1,1,1,42.8571428571429,0,1,1,1,0,0,0,60.4017857142857
BGD,Bangladesh,2016,33.3333333333333,0.5,0.5,1,0.5,0,0,0,0,1,0.5,0,0,65,1,1,0,0.6,0,1,1,0.6,83.3333333333333,0,1,1,0,1,1,1,1,1,1,1,1,28.5714285714286,0,1,0,0,1,0,0,52.5595238095238
BGR,Bulgaria,2016,87.5,0.5,1,1,1,1,1,1,1,1,1,1,0,75,1,1,0,1,1,1,0,1,91.6666666666667,1,1,1,1,0,1,1,1,1,1,1,1,71.4285714285714,1,0,1,1,1,1,0,81.3988095238095
BHR,Bahrain,2016,41.6666666666667,0.5,0.5,0.5,0.5,1,0,0,0.5,0,0.5,1,0,28.75,1,1,0,0.3,0,0,0,0,66.6666666666667,0,1,1,1,0,1,0,1,1,1,1,0,28.5714285714286,0,0,1,1,0,0,0,41.4136904761905
BHS,"Bahamas, The",2016,33.3333333333333,0.5,0.5,1,0.5,0,0,0.5,0.5,0,0.5,0,0,48.75,1,1,0,0.6,0,1,0,0.3,75,0,1,1,1,0,1,1,1,1,1,1,0,0,0,0,0,0,0,0,0,39.2708333333333
BIH,Bosnia and Herzegovina,2016,66.6666666666667,0.5,1,1,0.5,1,0,1,0.5,1,0.5,1,0,70,1,1,0,1,0,1,1,0.6,91.6666666666667,1,1,1,0,1,1,1,1,1,1,1,1,28.5714285714286,1,0,0,0,1,0,0,64.2261904761905
BLR,Belarus,2016,83.3333333333333,0.5,1,1,1,1,0,1,0.5,1,1,1,1,48.75,1,1,0,1,0,0,0.3,0.6,91.6666666666667,1,1,1,1,0,1,1,1,1,1,1,1,57.1428571428571,1,0,1,0,1,1,0,70.2232142857143
BLZ,Belize,2016,29.1666666666667,0.5,0,0.5,0,1,0,0,0,1,0.5,0,0,56.25,1,1,0,0.6,0,1,0.6,0.3,83.3333333333333,0,1,1,1,0,1,1,1,1,1,1,1,42.8571428571429,1,0,0,1,0,0,1,52.9017857142857
BOL,Bolivia,2016,16.6666666666667,0,0,0.5,0,0,0,0,0,1,0.5,0,0,63.75,1,1,0,1,0.6,0.6,0.3,0.6,100,1,1,1,1,1,1,1,1,1,1,1,1,42.8571428571429,0,1,0,1,0,0,1,55.8184523809524
BRA,Brazil,2016,54.1666666666667,1,0,1,0.5,1,0,1,0,1,1,0,0,66.25,1,1,0,1,1,1,0,0.3,83.3333333333333,0,1,1,0,1,1,1,1,1,1,1,1,71.4285714285714,1,1,1,1,1,0,0,68.7946428571429
BRB,Barbados,2016,33.3333333333333,0.5,0,0.5,0,0,0,0,0.5,1,0.5,1,0,32.5,1,1,0,0,0,0,0.3,0.3,75,0,1,1,0,1,1,1,0,1,1,1,1,0,0,0,0,0,0,0,0,35.2083333333333
BRN,Brunei Darussalam,2016,37.5,0.5,0,0.5,0,1,0,0,0,1,0.5,1,0,36.25,1,1,0,0.3,0,0.6,0,0,83.3333333333333,0,1,1,1,0,1,1,1,1,1,1,1,57.1428571428571,1,0,1,1,1,0,0,53.5565476190476
BTN,Bhutan,2016,20.8333333333333,0.5,0,0,0,0,0,0.5,0,1,0.5,0,0,46.25,0.5,1,0,0.6,0,1,0.3,0.3,75,0,1,1,1,0,1,1,1,1,1,1,0,42.8571428571429,0,1,1,1,0,0,0,46.2351190476191
BWA,Botswana,2016,29.1666666666667,0.5,0.5,0,0,1,0,0,0,1,0.5,0,0,47.5,1,1,0,0.6,0,0.3,0.3,0.6,83.3333333333333,0,1,1,1,1,1,0,1,1,1,1,1,57.1428571428571,1,1,0,0,1,0,1,54.2857142857143
CAF,Central African Republic,2016,16.6666666666667,0,0,0.5,0,0,0,0,0,1,0.5,0,0,27.5,0.5,0.5,0,0.3,0,0,0.6,0.3,58.3333333333333,0,1,1,0,0,1,0,1,1,1,0,1,0,0,0,0,0,0,0,0,25.625
CAN,Canada,2016,91.6666666666667,1,1,1,0.5,1,1,1,0.5,1,1,1,1,100,1,1,1,1,1,1,1,1,75,0,1,1,0,0,1,1,1,1,1,1,1,85.7142857142857,1,1,1,1,1,1,0,88.0952380952381
CHE,Switzerland,2016,75,1,1,1,1,1,0,1,1,0,1,1,0,100,1,1,1,1,1,1,1,1,83.3333333333333,0,1,1,1,0,1,1,1,1,1,1,1,71.4285714285714,1,1,1,1,1,0,0,82.4404761904762
CHL,Chile,2016,62.5,0.5,0.5,0.5,0.5,1,0,0,0.5,1,1,1,1,66.25,1,1,0,1,0.3,1,0,1,100,1,1,1,1,1,1,1,1,1,1,1,1,71.4285714285714,1,1,1,1,1,0,0,75.0446428571429
CHN,China,2016,45.8333333333333,0.5,0,1,1,1,0,0.5,0.5,0,1,0,0,48.75,1,1,0,1,0,0.6,0,0.3,83.3333333333333,1,1,1,0,0,1,1,1,1,1,1,1,71.4285714285714,1,0,1,1,1,0,1,62.3363095238095
CIV,Côte d'Ivoire,2016,16.6666666666667,0,0.5,0.5,0.5,0,0,0,0,0,0.5,0,0,52.5,1,1,0,0.6,0,0.3,1,0.3,NA,NA,NA,NA,NA,NA,NA,NA,NA,NA,NA,NA,NA,28.5714285714286,0,1,0,1,0,0,0,NA
CMR,Cameroon,2016,33.3333333333333,0.5,0,1,0,1,0,0,0,1,0.5,0,0,43.75,0.5,0.5,0,0.6,0,0.3,1,0.6,91.6666666666667,1,1,1,1,0,1,1,1,1,1,1,1,28.5714285714286,0,1,0,1,0,0,0,49.3303571428571
COD,"Congo, Dem. Rep.",2016,16.6666666666667,0,0,0.5,0,0,0,0,0,1,0.5,0,0,28.75,0,0,0,0.3,0,0,1,1,66.6666666666667,0,1,1,1,0,1,0,1,1,1,1,0,0,0,0,0,0,0,0,0,28.0208333333333
COG,"Congo, Rep.",2016,29.1666666666667,0,0,0,0,1,0,1,0,1,0.5,0,0,45,1,1,0,0.3,0,0,1,0.3,66.6666666666667,0,1,1,0,0,1,0,1,1,1,1,1,0,0,0,0,0,0,0,0,35.2083333333333
COL,Colombia,2016,50,0.5,0,1,0.5,0,0,1,0,1,1,0,1,87.5,1,1,0,1,1,1,1,1,100,1,1,1,1,1,1,1,1,1,1,1,1,100,1,1,1,1,1,1,1,84.375
COM,Comoros,2016,20.8333333333333,0,0,0,0,1,0,0,0,1,0.5,0,0,23.75,0.5,0.5,0,0.3,0,0.3,0.3,0,75,1,1,1,1,0,1,1,0,1,1,1,0,0,0,0,0,0,0,0,0,29.8958333333333
CPV,Cabo Verde,2016,33.3333333333333,0.5,0.5,0,0,0,0,0.5,0,1,0.5,1,0,52.5,1,1,0,0.6,0,1,0,0.6,100,1,1,1,1,1,1,1,1,1,1,1,1,71.4285714285714,1,1,0,1,1,0,1,64.3154761904762
CRI,Costa Rica,2016,58.3333333333333,0.5,0,1,0.5,1,0,1,0,1,1,1,0,61.25,1,1,0,1,0,1,0.3,0.6,91.6666666666667,1,1,1,1,0,1,1,1,1,1,1,1,100,1,1,1,1,1,1,1,77.8125
CYP,Cyprus,2016,83.3333333333333,0.5,1,1,0.5,1,0,1,1,1,1,1,1,100,1,1,1,1,1,1,1,1,83.3333333333333,0,1,1,1,0,1,1,1,1,1,1,1,42.8571428571429,1,0,0,1,1,0,0,77.3809523809524
CZE,Czech Republic,2016,83.3333333333333,1,1,1,0.5,1,0,0.5,1,1,1,1,1,100,1,1,1,1,1,1,1,1,91.6666666666667,1,1,1,1,0,1,1,1,1,1,1,1,42.8571428571429,0,0,1,1,1,0,0,79.4642857142857
DEU,Germany,2016,87.5,1,1,1,0.5,1,0,1,1,1,1,1,1,100,1,1,1,1,1,1,1,1,83.3333333333333,0,1,1,1,0,1,1,1,1,1,1,1,71.4285714285714,1,1,1,1,1,0,0,85.5654761904762
DJI,Djibouti,2016,8.33333333333333,0,0,0,0,0,0,0,0.5,0,0.5,0,0,40,1,1,0,0.6,0,0,0.3,0.3,75,0,1,1,1,0,1,0,1,1,1,1,1,0,0,0,0,0,0,0,0,30.8333333333333
DMA,Dominica,2016,45.8333333333333,0.5,0.5,0.5,0.5,1,0,0,0,1,0.5,1,0,32.5,1,1,0,0.3,0,0,0,0.3,66.6666666666667,0,1,1,1,0,1,0,1,0,1,1,1,0,0,0,0,0,0,0,0,36.25
DNK,Denmark,2016,83.3333333333333,1,1,1,1,1,0,1,1,1,1,1,0,100,1,1,1,1,1,1,1,1,83.3333333333333,0,1,1,1,0,1,1,1,1,1,1,1,57.1428571428571,1,0,1,1,1,0,0,80.952380952381
DOM,Dominican Republic,2016,54.1666666666667,1,0.5,1,0.5,1,0,1,0,1,0.5,0,0,66.25,1,1,0,1,0,1,1,0.3,91.6666666666667,0,1,1,1,1,1,1,1,1,1,1,1,57.1428571428571,0,1,1,1,1,0,0,67.3065476190476
DZA,Algeria,2016,25,0,0,0.5,0,1,0,0,0,1,0.5,0,0,52.5,1,1,1,0.3,0,0.3,0.6,0,83.3333333333333,0,1,1,1,0,1,1,1,1,1,1,1,14.2857142857143,0,0,1,0,0,0,0,43.7797619047619
ECU,Ecuador,2016,50,1,0.5,1,0,1,0,0,0.5,1,1,0,0,56.25,1,0.5,0,1,0,1,0,1,100,1,1,1,1,1,1,1,1,1,1,1,1,71.4285714285714,1,1,1,1,1,0,0,69.4196428571429
EGY,"Egypt, Arab Rep.",2016,66.6666666666667,0.5,0.5,1,0.5,1,0,0,0.5,1,1,1,1,65,1,1,0,1,0,1,0.6,0.6,100,1,1,1,1,1,1,1,1,1,1,1,1,71.4285714285714,1,1,1,1,1,0,0,75.7738095238095
ERI,Eritrea,2016,8.33333333333333,0,0,0,0,0,0,0,0,1,0,0,0,3.75,0,0,0,0,0,0,0,0.3,33.3333333333333,0,1,1,1,0,1,0,0,0,0,0,0,0,0,0,0,0,0,0,0,11.3541666666667
ESP,Spain,2016,87.5,1,1,1,0.5,1,0,1,1,1,1,1,1,100,1,1,1,1,1,1,1,1,91.6666666666667,0,1,1,1,1,1,1,1,1,1,1,1,85.7142857142857,1,1,1,1,1,1,0,91.2202380952381
EST,Estonia,2016,83.3333333333333,1,1,1,1,1,1,1,0,1,1,1,0,100,1,1,1,1,1,1,1,1,91.6666666666667,1,1,1,1,0,1,1,1,1,1,1,1,85.7142857142857,1,0,1,1,1,1,1,90.1785714285714
ETH,Ethiopia,2016,16.6666666666667,0.5,0.5,0,0,0,0,0,0.5,0,0.5,0,0,82.5,1,1,0,1,1,1,0.6,1,91.6666666666667,1,1,1,1,0,1,1,1,1,1,1,1,14.2857142857143,0,1,0,0,0,0,0,51.2797619047619
FIN,Finland,2016,91.6666666666667,1,1,1,1,1,0,1,1,1,1,1,1,100,1,1,1,1,1,1,1,1,83.3333333333333,0,1,1,1,0,1,1,1,1,1,1,1,71.4285714285714,1,1,1,1,1,0,0,86.6071428571429
FJI,Fiji,2016,37.5,0.5,0,1,0.5,0,0,0,0,1,0.5,1,0,45,1,1,0,1,0,0.3,0,0.3,83.3333333333333,1,1,1,1,0,1,1,1,0,1,1,1,28.5714285714286,0,1,0,1,0,0,0,48.6011904761905
FRA,France,2016,91.6666666666667,1,1,1,1,1,0,1,1,1,1,1,1,100,1,1,1,1,1,1,1,1,75,0,1,1,0,0,1,1,1,1,1,1,1,85.7142857142857,1,1,1,1,1,1,0,88.0952380952381
FSM,"Micronesia, Fed. Sts.",2016,16.6666666666667,0.5,0,0,0,1,0,0,0,0,0.5,0,0,32.5,1,1,0,0.3,0,0,0,0.3,66.6666666666667,1,1,1,0,0,1,1,1,0,1,1,0,28.5714285714286,0,0,0,1,1,0,0,36.1011904761905
GAB,Gabon,2016,20.8333333333333,0.5,0,0.5,0,0,0,0,0,1,0.5,0,0,30,0.5,1,0,0,0,0.3,0.3,0.3,66.6666666666667,0,1,1,0,0,1,0,1,1,1,1,1,14.2857142857143,0,0,0,1,0,0,0,32.9464285714286
GBR,United Kingdom,2016,75,1,1,1,1,0,0,1,1,0,1,1,1,100,1,1,1,1,1,1,1,1,83.3333333333333,0,1,1,1,0,1,1,1,1,1,1,1,85.7142857142857,1,1,1,1,1,0,1,86.0119047619048
GEO,Georgia,2016,79.1666666666667,0.5,1,0.5,0.5,1,1,0.5,0.5,1,1,1,1,61.25,1,1,0,1,0.3,1,0,0.6,100,1,1,1,1,1,1,1,1,1,1,1,1,71.4285714285714,1,1,0,1,1,0,1,77.9613095238095
GHA,Ghana,2016,41.6666666666667,0.5,0.5,1,0.5,1,0,0,0,1,0.5,0,0,61.25,1,1,0,1,0,0.3,1,0.6,83.3333333333333,0,1,1,1,0,1,1,1,1,1,1,1,42.8571428571429,1,1,0,0,0,1,0,57.2767857142857
GIN,Guinea,2016,8.33333333333333,0.5,0,0,0,0,0,0,0,0,0.5,0,0,33.75,1,0.5,0,0.6,0,0,0.3,0.3,83.3333333333333,0,1,1,1,1,1,0,1,1,1,1,1,14.2857142857143,0,1,0,0,0,0,0,34.9255952380952
GMB,"Gambia, The",2016,25,0.5,0,0.5,0,0,0,0.5,0,1,0.5,0,0,61.25,1,1,0,1,0.3,0.3,1,0.3,91.6666666666667,1,1,1,1,1,1,0,1,1,1,1,1,14.2857142857143,0,1,0,0,0,0,0,48.0505952380952
GNB,Guinea-Bissau,2016,12.5,0.5,0,0,0.5,0,0,0,0,0,0.5,0,0,45,1,1,0,0.3,0,0,1,0.3,75,0,1,1,0,1,1,0,1,1,1,1,1,14.2857142857143,0,1,0,0,0,0,0,36.6964285714286
GNQ,Equatorial Guinea,2016,16.6666666666667,0,0.5,0,0.5,0,0,0,0,1,0,0,0,28.75,1,1,0,0,0,0,0.3,0,58.3333333333333,0,1,1,1,0,1,0,1,1,1,0,0,0,0,0,0,0,0,0,0,25.9375
GRC,Greece,2016,79.1666666666667,1,1,1,0.5,1,0,1,1,1,1,1,0,100,1,1,1,1,1,1,1,1,83.3333333333333,0,1,1,1,0,1,1,1,1,1,1,1,57.1428571428571,1,1,0,0,1,1,0,79.9107142857143
GRD,Grenada,2016,33.3333333333333,0,0.5,0.5,0.5,0,0,0,0,1,0.5,1,0,28.75,1,1,0,0.3,0,0,0,0,75,0,1,1,1,1,1,1,1,0,1,1,0,0,0,0,0,0,0,0,0,34.2708333333333
GTM,Guatemala,2016,33.3333333333333,0.5,0,0.5,0.5,0,0,0,0,1,0.5,1,0,63.75,0.5,1,0,1,1,1,0.3,0.3,100,1,1,1,1,1,1,1,1,1,1,1,1,28.5714285714286,0,1,0,1,0,0,0,56.4136904761905
GUY,Guyana,2016,33.3333333333333,0.5,0.5,1,0.5,0,0,0,0,1,0.5,0,0,41.25,1,1,0,0,0,0,1,0.3,75,0,1,1,0,1,1,0,1,1,1,1,1,0,0,0,0,0,0,0,0,37.3958333333333
HND,Honduras,2016,37.5,0.5,0,0.5,0,1,0,1,0,1,0.5,0,0,82.5,1,1,0,1,1,1,1,0.6,100,1,1,1,1,1,1,1,1,1,1,1,1,28.5714285714286,0,1,0,0,0,1,0,62.1428571428571
HRV,Croatia,2016,79.1666666666667,0.5,1,1,0.5,1,1,0,0.5,1,1,1,1,75,1,1,0,1,1,1,0,1,91.6666666666667,1,1,1,1,0,1,1,1,1,1,1,1,85.7142857142857,1,0,1,1,1,1,1,82.8869047619048
HTI,Haiti,2016,20.8333333333333,0,0,0,0,1,0,0,0,1,0.5,0,0,30,0.5,1,0,0.6,0,0,0.3,0,58.3333333333333,0,1,1,0,0,1,0,0,1,1,1,1,14.2857142857143,0,0,0,0,1,0,0,30.8630952380952
HUN,Hungary,2016,100,1,1,1,1,1,1,1,1,1,1,1,1,100,1,1,1,1,1,1,1,1,100,1,1,1,1,1,1,1,1,1,1,1,1,100,1,1,1,1,1,1,1,100
IDN,Indonesia,2016,54.1666666666667,0.5,0.5,1,0.5,0,0,1,1,1,1,0,0,75,1,1,0,1,0,1,1,1,100,1,1,1,1,1,1,1,1,1,1,1,1,71.4285714285714,1,1,1,1,1,0,0,75.1488095238095
IND,India,2016,50,1,0.5,0.5,0.5,1,0,0.5,1,0,1,0,0,78.75,1,1,1,1,0,1,0.3,1,75,0,1,1,1,0,1,0,1,1,1,1,1,57.1428571428571,1,1,1,0,1,0,0,65.2232142857143
IRL,Ireland,2016,79.1666666666667,1,1,1,0.5,1,0,1,1,1,1,1,0,100,1,1,1,1,1,1,1,1,75,0,1,1,0,0,1,1,1,1,1,1,1,71.4285714285714,1,1,1,1,1,0,0,81.3988095238095
IRN,"Iran, Islamic Rep.",2016,37.5,0.5,0,0.5,0.5,1,0,0.5,0,0,0.5,1,0,50,1,1,0,1,0,1,0,0,83.3333333333333,0,1,1,1,1,1,1,1,1,1,0,1,28.5714285714286,0,0,0,1,1,0,0,49.8511904761905
IRQ,Iraq,2016,37.5,0,0.5,0.5,0.5,1,0,0,0.5,1,0.5,0,0,48.75,1,1,0,1,0,0,0.6,0.3,83.3333333333333,0,1,1,0,1,1,1,1,1,1,1,1,0,0,0,0,0,0,0,0,42.3958333333333
ISL,Iceland,2016,91.6666666666667,1,1,0.5,1,1,1,1,0.5,1,1,1,1,100,1,1,1,1,1,1,1,1,75,0,1,1,0,0,1,1,1,1,1,1,1,57.1428571428571,1,0,1,1,1,0,0,80.9523809523809
ISR,Israel,2016,87.5,1,1,1,0.5,1,0,1,1,1,1,1,1,100,1,1,1,1,1,1,1,1,83.3333333333333,0,1,1,1,0,1,1,1,1,1,1,1,71.4285714285714,1,1,1,1,1,0,0,85.5654761904762
ITA,Italy,2016,91.6666666666667,1,1,1,1,1,0,1,1,1,1,1,1,100,1,1,1,1,1,1,1,1,83.3333333333333,0,1,1,1,0,1,1,1,1,1,1,1,71.4285714285714,1,1,1,1,1,0,0,86.6071428571429
JAM,Jamaica,2016,41.6666666666667,0.5,0.5,0.5,0,1,0,1,0,1,0.5,0,0,57.5,1,1,0,1,0,1,0.3,0.3,91.6666666666667,0,1,1,1,1,1,1,1,1,1,1,1,57.1428571428571,1,0,0,1,1,0,1,61.9940476190476
JOR,Jordan,2016,25,0,0,1,0.5,0,0,0,0.5,0,1,0,0,70,1,1,0,1,0,1,1,0.6,83.3333333333333,0,1,1,1,0,1,1,1,1,1,1,1,57.1428571428571,0,1,1,1,1,0,0,58.8690476190476
JPN,Japan,2016,70.8333333333333,0.5,1,1,0.5,1,0,1,0.5,1,1,1,0,100,1,1,1,1,1,1,1,1,75,0,1,1,0,0,1,1,1,1,1,1,1,42.8571428571429,0,0,1,1,1,0,0,72.1726190476191
KAZ,Kazakhstan,2016,75,0.5,1,1,1,1,0,0.5,0,1,1,1,1,70,1,1,0,1,0,1,1,0.6,91.6666666666667,1,1,1,1,0,1,1,1,1,1,1,1,57.1428571428571,1,0,1,1,1,0,0,73.452380952381
KEN,Kenya,2016,41.6666666666667,1,0.5,0.5,0.5,0,0,1,0,1,0.5,0,0,65,1,1,0,0.6,0,0.6,1,1,91.6666666666667,1,1,1,1,1,1,0,1,1,1,1,1,14.2857142857143,0,1,0,0,0,0,0,53.1547619047619
KGZ,Kyrgyz Republic,2016,87.5,0.5,1,1,1,1,1,0.5,0.5,1,1,1,1,46.25,1,0.5,0,1,0,0,0.6,0.6,91.6666666666667,1,1,1,1,0,1,1,1,1,1,1,1,57.1428571428571,1,1,0,1,1,0,0,70.639880952381
KHM,Cambodia,2016,37.5,0.5,0,0.5,0,1,0,0,0,1,0.5,0,1,82.5,1,1,1,1,0,0.6,1,1,91.6666666666667,0,1,1,1,1,1,1,1,1,1,1,1,42.8571428571429,0,1,0,1,1,0,0,63.6309523809524
KIR,Kiribati,2016,20.8333333333333,0.5,0.5,0.5,0,0,0,0.5,0,0,0.5,0,0,32.5,1,1,0,0.3,0,0,0.3,0,75,0,1,1,1,0,1,1,1,0,1,1,1,0,0,0,0,0,0,0,0,32.0833333333333
KNA,St. Kitts and Nevis,2016,33.3333333333333,0.5,0.5,0.5,0,0,0,0,0,1,0.5,1,0,28.75,1,1,0,0,0,0,0,0.3,58.3333333333333,0,1,1,1,0,1,0,1,0,1,1,0,0,0,0,0,0,0,0,0,30.1041666666667
KOR,"Korea, Rep.",2016,70.8333333333333,1,0.5,1,0.5,1,0,0,0.5,1,1,1,1,100,1,1,1,1,1,1,1,1,83.3333333333333,0,1,1,1,0,1,1,1,1,1,1,1,57.1428571428571,1,0,1,1,1,0,0,77.827380952381
KWT,Kuwait,2016,37.5,0.5,0.5,0.5,0,0,0,0.5,0,1,0.5,1,0,46.25,1,0.5,0,0.6,0,0.6,0,1,91.6666666666667,0,1,1,1,1,1,1,1,1,1,1,1,14.2857142857143,0,0,0,1,0,0,0,47.4255952380952
LAO,Lao PDR,2016,8.33333333333333,0.5,0,0,0.5,0,0,0,0,0,0,0,0,67.5,1,1,1,0.6,0,0.6,0.6,0.6,83.3333333333333,0,1,1,1,1,1,0,1,1,1,1,1,14.2857142857143,0,1,0,0,0,0,0,43.3630952380952
LBN,Lebanon,2016,25,0.5,0,0,0.5,0,0,0,0.5,0,0.5,1,0,56.25,1,1,0,0.3,0,0.6,0.6,1,66.6666666666667,0,1,1,0,0,1,0,1,1,1,1,1,14.2857142857143,0,0,0,0,1,0,0,40.5505952380952
LBR,Liberia,2016,25,0,0,0.5,0,1,0,0.5,0.5,0,0.5,0,0,73.75,1,1,1,1,0,0.6,1,0.3,91.6666666666667,1,1,1,1,0,1,1,1,1,1,1,1,0,0,0,0,0,0,0,0,47.6041666666667
LBY,Libya,2016,20.8333333333333,0.5,0,0.5,0,1,0,0,0,0,0.5,0,0,25,1,1,0,0,0,0,0,0,41.6666666666667,0,1,1,0,0,1,0,0,0,1,1,0,0,0,0,0,0,0,0,0,21.875
LCA,St. Lucia,2016,33.3333333333333,0,0.5,0.5,0.5,0,0,0,0,1,0.5,1,0,48.75,1,1,0,0.3,0,1,0.3,0.3,66.6666666666667,0,1,1,0,0,1,1,1,1,1,1,0,28.5714285714286,0,1,0,1,0,0,0,44.3303571428571
LKA,Sri Lanka,2016,45.8333333333333,0.5,0.5,1,0.5,1,0,0,0,0,1,1,0,76.25,1,1,0.5,1,0,1,0.6,1,83.3333333333333,0,1,1,1,0,1,1,1,1,1,1,1,71.4285714285714,1,1,0,1,1,0,1,69.2113095238095
LSO,Lesotho,2016,33.3333333333333,0.5,0,0.5,0,1,0,0,0.5,1,0.5,0,0,77.5,1,1,0,1,1,0.6,1,0.6,91.6666666666667,0,1,1,1,1,1,1,1,1,1,1,1,28.5714285714286,0,1,0,0,1,0,0,57.7678571428571
LTU,Lithuania,2016,100,1,1,1,1,1,1,1,1,1,1,1,1,100,1,1,1,1,1,1,1,1,91.6666666666667,1,1,1,1,0,1,1,1,1,1,1,1,57.1428571428571,1,0,1,1,1,0,0,87.202380952381
LUX,Luxembourg,2016,83.3333333333333,1,1,1,1,1,0,1,1,1,1,1,0,100,1,1,1,1,1,1,1,1,83.3333333333333,0,1,1,1,0,1,1,1,1,1,1,1,57.1428571428571,1,0,1,1,1,0,0,80.952380952381
LVA,Latvia,2016,91.6666666666667,1,1,1,1,1,1,1,0,1,1,1,1,100,1,1,1,1,1,1,1,1,91.6666666666667,1,1,1,1,0,1,1,1,1,1,1,1,85.7142857142857,1,1,1,1,1,0,1,92.2619047619048
MAR,Morocco,2016,33.3333333333333,0.5,0.5,0.5,0.5,0,0,0,0,1,1,0,0,63.75,1,1,0.5,1,0,0,0.6,1,91.6666666666667,1,1,1,1,0,1,1,1,1,1,1,1,57.1428571428571,0,1,1,1,1,0,0,61.4732142857143
MDA,Moldova,2016,87.5,0.5,1,1,1,1,1,0.5,0.5,1,1,1,1,52.5,1,1,0,1,0,0.3,0.3,0.6,91.6666666666667,1,1,1,1,1,1,1,1,1,1,1,0,57.1428571428571,1,0,1,1,1,0,0,72.202380952381
MDG,Madagascar,2016,29.1666666666667,0,0,0,0.5,1,0,1,0.5,0,0.5,0,0,40,0,0,0,0.6,0,1,1,0.6,83.3333333333333,0,1,1,1,0,1,1,1,1,1,1,1,0,0,0,0,0,0,0,0,38.125
MDV,Maldives,2016,41.6666666666667,0.5,0,0,0.5,1,0,0.5,0,1,0.5,1,0,43.75,1,1,0,0.6,0,0,0.3,0.6,83.3333333333333,0,1,1,1,1,1,1,1,0,1,1,1,14.2857142857143,0,1,0,0,0,0,0,45.7589285714286
MEX,Mexico,2016,58.3333333333333,1,0.5,1,0.5,0,0,0,0,1,1,1,1,86.25,1,1,1,1,0.6,1,0.3,1,91.6666666666667,0,1,1,1,1,1,1,1,1,1,1,1,85.7142857142857,1,1,1,1,1,0,1,80.4910714285714
MHL,Marshall Islands,2016,4.16666666666667,0,0,0,0,0,0,0,0,0,0.5,0,0,28.75,1,1,0,0,0,0,0.3,0,58.3333333333333,0,1,1,0,0,1,0,1,1,1,1,0,0,0,0,0,0,0,0,0,22.8125
MKD,"Macedonia, FYR",2016,54.1666666666667,0.5,0,1,1,1,0,0,0,0,1,1,1,58.75,0.5,1,0,1,0,1,0.6,0.6,NA,NA,NA,NA,NA,NA,NA,NA,NA,NA,NA,NA,NA,71.4285714285714,1,0,1,1,1,1,0,NA
MLI,Mali,2016,16.6666666666667,0,0,0.5,0,1,0,0,0,0,0.5,0,0,70,1,1,0,1,1,0,1,0.6,83.3333333333333,0,1,1,1,1,1,1,0,1,1,1,1,14.2857142857143,0,1,0,0,0,0,0,46.0714285714286
MLT,Malta,2016,75,0.5,1,1,0.5,1,0,1,1,1,1,1,0,100,1,1,1,1,1,1,1,1,83.3333333333333,0,1,1,1,0,1,1,1,1,1,1,1,85.7142857142857,1,1,1,1,1,0,1,86.0119047619048
MMR,Myanmar,2016,29.1666666666667,0,0.5,0,0.5,0,0,0,1,1,0.5,0,0,56.25,1,1,0,1,0,0.3,0.6,0.6,83.3333333333333,1,1,1,0,0,1,1,1,1,1,1,1,42.8571428571429,0,0,1,1,1,0,0,52.9017857142857
MNE,Montenegro,2016,37.5,0.5,0,1,0.5,1,0,0,0,0,0.5,1,0,65,1,1,0,1,0,1,0.6,0.6,91.6666666666667,1,1,1,1,0,1,1,1,1,1,1,1,71.4285714285714,1,1,0,1,1,1,0,66.3988095238095
MNG,Mongolia,2016,50,0.5,0.5,0.5,0.5,1,0,0.5,0,1,0.5,1,0,65,1,1,0,1,0,1,0.6,0.6,91.6666666666667,1,1,1,1,0,1,1,1,1,1,1,1,71.4285714285714,1,1,1,1,0,1,0,69.5238095238095
MOZ,Mozambique,2016,33.3333333333333,0.5,0.5,0.5,0,1,0,0,0,1,0.5,0,0,43.75,1,1,0,0.6,0,0,0.6,0.3,100,1,1,1,1,1,1,1,1,1,1,1,1,42.8571428571429,1,1,0,0,1,0,0,54.985119047619
MRT,Mauritania,2016,29.1666666666667,0.5,0,1,0.5,1,0,0,0,0,0.5,0,0,56.25,1,1,0,0.6,0,0.3,1,0.6,83.3333333333333,1,1,1,1,0,1,0,1,1,1,1,1,0,0,0,0,0,0,0,0,42.1875
MUS,Mauritius,2016,75,0.5,0.5,1,0.5,1,1,1,0.5,1,1,1,0,66.25,1,1,1,1,0,1,0,0.3,91.6666666666667,0,1,1,1,1,1,1,1,1,1,1,1,57.1428571428571,0,1,1,1,1,0,0,72.514880952381
MWI,Malawi,2016,20.8333333333333,1,0.5,0.5,0,0,0,0,0,0,0.5,0,0,66.25,1,1,0,1,0,0.3,1,1,91.6666666666667,0,1,1,1,1,1,1,1,1,1,1,1,28.5714285714286,0,1,0,0,1,0,0,51.8303571428571
MYS,Malaysia,2016,54.1666666666667,0.5,0.5,1,0.5,1,0,0,0,1,1,1,0,53.75,1,1,0,1,0,1,0,0.3,91.6666666666667,1,1,1,1,0,1,1,1,1,1,1,1,57.1428571428571,1,0,1,1,1,0,0,64.1815476190476
NAM,Namibia,2016,29.1666666666667,0.5,0.5,0.5,0.5,0,0,0,0,1,0.5,0,0,70,1,1,0,0.6,0,1,1,1,91.6666666666667,1,1,1,1,0,1,1,1,1,1,1,1,42.8571428571429,0,1,1,1,0,0,0,58.4226190476191
NER,Niger,2016,25,0.5,0.5,0.5,0,1,0,0,0,0,0.5,0,0,66.25,1,1,0,1,1,0,1,0.3,91.6666666666667,1,1,1,1,0,1,1,1,1,1,1,1,42.8571428571429,1,1,0,0,1,0,0,56.4434523809524
NGA,Nigeria,2016,37.5,1,0.5,1,0.5,0,0,0,0,1,0.5,0,0,56.25,1,1,0,0.3,0.6,0,1,0.6,75,0,1,1,0,0,1,1,1,1,1,1,1,57.1428571428571,1,1,1,0,1,0,0,56.4732142857143
NIC,Nicaragua,2016,29.1666666666667,0.5,0.5,0.5,0.5,0,0,0,0,1,0.5,0,0,53.75,0.5,1,0,0.6,0.3,0.3,1,0.6,91.6666666666667,1,1,1,0,1,1,1,1,1,1,1,1,14.2857142857143,0,0,0,0,1,0,0,47.2172619047619
NLD,Netherlands,2016,91.6666666666667,1,1,1,1,1,0,1,1,1,1,1,1,100,1,1,1,1,1,1,1,1,75,0,1,1,0,0,1,1,1,1,1,1,1,57.1428571428571,1,0,1,1,1,0,0,80.9523809523809
NOR,Norway,2016,83.3333333333333,1,1,1,1,1,0,1,1,0,1,1,1,100,1,1,1,1,1,1,1,1,83.3333333333333,0,1,1,1,0,1,1,1,1,1,1,1,71.4285714285714,1,0,1,1,1,1,0,84.5238095238095
NPL,Nepal,2016,25,0.5,0,0.5,0.5,0,0,0,0,1,0.5,0,0,70,1,1,0,0.6,0,1,1,1,83.3333333333333,0,1,1,1,0,1,1,1,1,1,1,1,42.8571428571429,0,1,0,1,0,1,0,55.297619047619
NRU,Nauru,2016,8.33333333333333,0,0,0,0,0,0,0,0,0,0,1,0,32.5,1,1,0,0.6,0,0,0,0,66.6666666666667,0,1,1,1,0,1,1,1,0,1,1,0,0,0,0,0,0,0,0,0,26.875
NZL,New Zealand,2016,54.1666666666667,1,1,1,0.5,1,0,0,0,0,0,1,1,100,1,1,1,1,1,1,1,1,75,0,1,1,0,0,1,1,1,1,1,1,1,85.7142857142857,1,1,1,1,1,0,1,78.7202380952381
OMN,Oman,2016,33.3333333333333,0.5,0.5,0.5,0,1,0,0,0,1,0.5,0,0,32.5,1,1,0,0.3,0,0,0.3,0,83.3333333333333,0,1,1,1,1,1,0,1,1,1,1,1,42.8571428571429,0,0,1,1,0,0,1,48.0059523809524
PAK,Pakistan,2016,33.3333333333333,0.5,0.5,1,0.5,0,0,0,0,1,0.5,0,0,63.75,0.5,1,0,1,0,1,1,0.6,100,1,1,1,1,1,1,1,1,1,1,1,1,28.5714285714286,0,1,0,0,1,0,0,56.4136904761905
PAN,Panama,2016,25,0.5,0.5,0.5,0,0,0,0,0,1,0.5,0,0,61.25,1,1,0,1,0,1,0.3,0.6,91.6666666666667,1,1,1,1,0,1,1,1,1,1,1,1,42.8571428571429,1,0,0,1,1,0,0,55.1934523809524
PER,Peru,2016,33.3333333333333,0.5,0.5,1,0.5,0,0,0.5,0,0,1,0,0,77.5,1,1,0,1,0.6,1,1,0.6,100,1,1,1,1,1,1,1,1,1,1,1,1,57.1428571428571,1,1,1,1,0,0,0,66.9940476190476
PHL,Philippines,2016,45.8333333333333,0.5,0,0.5,0.5,1,0,0,0,1,1,1,0,90,1,1,1,1,0.6,1,0.6,1,100,1,1,1,1,1,1,1,1,1,1,1,1,71.4285714285714,1,1,1,1,1,0,0,76.8154761904762
PLW,Palau,2016,25,0.5,0,0,0.5,0,0,0,0.5,0,0.5,1,0,32.5,1,1,0,0.6,0,0,0,0,83.3333333333333,0,1,1,1,1,1,1,1,1,1,1,0,0,0,0,0,0,0,0,0,35.2083333333333
PNG,Papua New Guinea,2016,16.6666666666667,0.5,0,0,0,0,0,0,0,1,0.5,0,0,32.5,1,1,0,0.6,0,0,0,0,58.3333333333333,0,1,1,1,0,1,0,1,0,1,1,0,0,0,0,0,0,0,0,0,26.875
POL,Poland,2016,91.6666666666667,1,1,1,1,1,0,1,1,1,1,1,1,65,1,1,0,1,0.6,1,0,0.6,91.6666666666667,1,1,1,1,0,1,1,1,1,1,1,1,71.4285714285714,1,0,1,1,1,0,1,79.9404761904762
PRT,Portugal,2016,91.6666666666667,1,1,1,1,1,0,1,1,1,1,1,1,100,1,1,1,1,1,1,1,1,75,0,1,1,0,0,1,1,1,1,1,1,1,100,1,1,1,1,1,1,1,91.6666666666667
PRY,Paraguay,2016,41.6666666666667,0.5,0,0.5,0.5,1,0,1,0,1,0.5,0,0,61.25,1,1,0,1,0,1,0.3,0.6,91.6666666666667,1,1,1,0,1,1,1,1,1,1,1,1,14.2857142857143,0,1,0,0,0,0,0,52.2172619047619
PSE,West Bank and Gaza,2016,54.1666666666667,0,0,1,0.5,1,0,1,0,1,1,0,1,81.25,1,1,1,1,0.6,1,0.3,0.6,75,0,1,0,1,1,1,1,1,1,1,1,0,28.5714285714286,1,0,0,0,1,0,0,59.7470238095238
QAT,Qatar,2016,37.5,0.5,0.5,0.5,0.5,0,0,0,0,1,0.5,1,0,48.75,1,1,0,0.6,0,1,0.3,0,83.3333333333333,0,1,1,1,1,1,1,1,1,1,1,0,42.8571428571429,1,0,0,1,1,0,0,53.110119047619
ROU,Romania,2016,66.6666666666667,0.5,0,1,1,0,1,1,0.5,1,1,1,0,65,1,1,0,1,0.6,1,0,0.6,91.6666666666667,1,1,1,1,0,1,1,1,1,1,1,1,85.7142857142857,1,1,1,1,1,1,0,77.2619047619048
RUS,Russian Federation,2016,79.1666666666667,0.5,0.5,0.5,1,1,0,1,1,1,1,1,1,57.5,1,1,0,1,0,1,0,0.6,91.6666666666667,1,1,1,1,0,1,1,1,1,1,1,1,42.8571428571429,1,1,0,0,1,0,0,67.797619047619
RWA,Rwanda,2016,37.5,1,0.5,1,0.5,0,0,1,0,0,0.5,0,0,81.25,1,1,1,1,0.6,0.3,1,0.6,100,1,1,1,1,1,1,1,1,1,1,1,1,71.4285714285714,1,1,1,0,1,1,0,72.5446428571429
SAU,Saudi Arabia,2016,29.1666666666667,1,0.5,0.5,0,1,0,0,0,0,0.5,0,0,70,1,1,1,0.6,0,1,0,1,91.6666666666667,0,1,1,1,1,1,1,1,1,1,1,1,71.4285714285714,1,0,1,1,1,0,1,65.5654761904762
SDN,Sudan,2016,16.6666666666667,0,0,0,0.5,0,0,0,0,1,0.5,0,0,52.5,1,1,0,1,0,0.3,0.3,0.6,66.6666666666667,0,1,1,1,0,1,0,0,1,1,1,1,0,0,0,0,0,0,0,0,33.9583333333333
SEN,Senegal,2016,29.1666666666667,0.5,0,0.5,0.5,1,0,0,0.5,0,0.5,0,0,56.25,1,1,0,0.3,0.6,0,1,0.6,91.6666666666667,0,1,1,1,1,1,1,1,1,1,1,1,71.4285714285714,1,1,1,1,1,0,0,62.1279761904762
SGP,Singapore,2016,62.5,1,0.5,1,0.5,1,0,0.5,1,0,1,1,0,48.75,1,1,0,1,0,0.6,0,0.3,75,0,1,1,0,1,1,1,1,1,1,1,0,57.1428571428571,1,0,1,1,1,0,0,60.8482142857143
SLB,Solomon Islands,2016,25,0.5,0,0.5,0.5,0,0,0,0,1,0.5,0,0,40,1,1,0,0.6,0,0,0.6,0,75,1,1,1,1,0,1,1,0,0,1,1,1,14.2857142857143,0,0,0,1,0,0,0,38.5714285714286
SLE,Sierra Leone,2016,25,0.5,0.5,0.5,0,0,0,0,0,1,0.5,0,0,48.75,1,1,0,0.3,0,0.3,1,0.3,91.6666666666667,0,1,1,1,1,1,1,1,1,1,1,1,14.2857142857143,0,1,0,0,0,0,0,44.9255952380952
SLV,El Salvador,2016,50,0,0,0.5,0.5,1,0,1,0,1,1,1,0,48.75,1,1,0,1,0,0,0.3,0.6,100,1,1,1,1,1,1,1,1,1,1,1,1,28.5714285714286,0,1,0,0,1,0,0,56.8303571428571
SMR,San Marino,2016,50,0.5,0,0.5,1,0,1,1,0.5,0,0.5,1,0,25,1,1,0,0,0,0,0,0,41.6666666666667,0,1,1,0,0,1,1,0,0,1,0,0,0,0,0,0,0,0,0,0,29.1666666666667
SOM,Somalia,2016,0,0,0,0,0,0,0,0,0,0,0,0,0,13.75,0.5,0,0,0.3,0,0,0.3,0,25,0,1,1,0,0,1,0,0,0,0,0,0,0,0,0,0,0,0,0,0,9.6875
SRB,Serbia,2016,66.6666666666667,0.5,1,1,0.5,1,0,0.5,0,1,0.5,1,1,70,1,1,0,1,0,1,1,0.6,91.6666666666667,1,1,1,1,0,1,1,1,1,1,1,1,85.7142857142857,1,1,1,1,1,1,0,78.5119047619048
SSD,South Sudan,2016,20.8333333333333,0.5,0.5,0,0.5,0,0,0,0,1,0,0,0,36.25,1,1,0,0.3,0,0,0.3,0.3,66.6666666666667,1,1,1,0,0,1,0,1,1,1,1,0,14.2857142857143,0,1,0,0,0,0,0,34.5089285714286
STP,São Tomé and Principe,2016,29.1666666666667,0.5,0,0.5,0,1,0,0,0,1,0.5,0,0,41.25,1,1,0,0.3,0,0,1,0,NA,NA,NA,NA,NA,NA,NA,NA,NA,NA,NA,NA,NA,14.2857142857143,0,1,0,0,0,0,0,NA
SUR,Suriname,2016,50,0.5,0.5,0.5,0.5,1,0,0,0.5,1,0.5,1,0,47.5,1,1,0,0.6,0,0.3,0.6,0.3,75,0,1,1,1,0,1,1,1,0,1,1,1,28.5714285714286,0,0,0,1,1,0,0,50.2678571428571
SVK,Slovak Republic,2016,91.6666666666667,1,1,1,1,1,0,1,1,1,1,1,1,100,1,1,1,1,1,1,1,1,91.6666666666667,1,1,1,1,0,1,1,1,1,1,1,1,71.4285714285714,1,1,1,1,1,0,0,88.6904761904762
SVN,Slovenia,2016,83.3333333333333,1,1,1,1,1,0,1,0,1,1,1,1,100,1,1,1,1,1,1,1,1,100,1,1,1,1,1,1,1,1,1,1,1,1,100,1,1,1,1,1,1,1,95.8333333333333
SWE,Sweden,2016,91.6666666666667,1,1,1,1,1,0,1,1,1,1,1,1,100,1,1,1,1,1,1,1,1,83.3333333333333,0,1,1,1,0,1,1,1,1,1,1,1,71.4285714285714,1,1,1,1,1,0,0,86.6071428571429
SWZ,Swaziland,2016,33.3333333333333,0.5,0.5,1,0,0,0,0,0.5,1,0.5,0,0,40,1,1,0,0.3,0,0,0.6,0.3,NA,NA,NA,NA,NA,NA,NA,NA,NA,NA,NA,NA,NA,NA,NA,NA,NA,NA,NA,NA,NA,NA
SYC,Seychelles,2016,62.5,0.5,0.5,1,0.5,1,0,0.5,0.5,1,1,1,0,37.5,1,1,0,1,0,0,0,0,83.3333333333333,1,1,1,1,0,1,1,1,1,1,1,0,42.8571428571429,1,0,0,1,1,0,0,56.547619047619
SYR,Syrian Arab Republic,2016,20.8333333333333,0,0,0,0,1,0,0,0,1,0.5,0,0,31.25,0.5,0.5,0,0.6,0,0.3,0.3,0.3,33.3333333333333,0,1,1,1,0,1,0,0,0,0,0,0,0,0,0,0,0,0,0,0,21.3541666666667
TCD,Chad,2016,16.6666666666667,0.5,0,0,0,0,0,0,0,1,0.5,0,0,45,1,1,0,0.3,0,0,1,0.3,75,0,1,1,1,1,1,0,1,1,1,0,1,0,0,0,0,0,0,0,0,34.1666666666667
TGO,Togo,2016,25,0,0,1,0.5,1,0,0,0,0,0.5,0,0,53.75,1,1,0,1,0,0,1,0.3,100,1,1,1,1,1,1,1,1,1,1,1,1,28.5714285714286,0,1,1,0,0,0,0,51.8303571428571
THA,Thailand,2016,66.6666666666667,0.5,0,1,0.5,1,1,1,1,1,1,0,0,75,1,1,1,1,0,1,1,0,91.6666666666667,1,1,1,0,1,1,1,1,1,1,1,1,85.7142857142857,1,1,1,1,1,0,1,79.7619047619048
TJK,Tajikistan,2016,45.8333333333333,0.5,1,0,1,1,0,0,0.5,1,0.5,0,0,60,1,1,0,1,0,0.6,0.6,0.6,83.3333333333333,1,1,1,1,1,1,0,1,1,1,1,0,28.5714285714286,0,0,0,1,1,0,0,54.4345238095238
TKM,Turkmenistan,2016,4.16666666666667,0.5,0,0,0,0,0,0,0,0,0,0,0,28.75,1,1,0,0,0,0,0.3,0,50,0,1,1,0,1,1,0,0,0,1,0,1,14.2857142857143,0,0,0,0,1,0,0,24.3005952380952
TLS,Timor-Leste,2016,50,1,0.5,1,0.5,1,0,0.5,0,1,0.5,0,0,65,1,1,0,1,0,1,0.6,0.6,91.6666666666667,1,1,1,1,0,1,1,1,1,1,1,1,14.2857142857143,0,0,0,0,1,0,0,55.2380952380952
TON,Tonga,2016,25,0.5,0.5,0,0.5,0,0,0,0,1,0.5,0,0,32.5,1,1,0,0.3,0,0,0,0.3,58.3333333333333,0,1,1,1,0,1,0,1,0,1,1,0,0,0,0,0,0,0,0,0,28.9583333333333
TTO,Trinidad and Tobago,2016,37.5,0.5,0,0.5,0,1,0,0,0,1,0.5,1,0,40,1,1,0,0.3,0,0,0.6,0.3,66.6666666666667,0,1,1,0,0,1,1,1,0,1,1,1,14.2857142857143,0,0,0,0,1,0,0,39.6130952380952
TUN,Tunisia,2016,25,0.5,0.5,1,0,0,0,0,0,0,1,0,0,61.25,1,1,0,0.6,0,1,1,0.3,100,1,1,1,1,1,1,1,1,1,1,1,1,57.1428571428571,0,1,1,1,1,0,0,60.8482142857143
TUR,Turkey,2016,79.1666666666667,0.5,0,1,1,1,1,1,1,0,1,1,1,62.5,1,0.5,0,1,0.3,1,0.6,0.6,100,1,1,1,1,1,1,1,1,1,1,1,1,71.4285714285714,1,1,1,1,1,0,0,78.2738095238095
TUV,Tuvalu,2016,8.33333333333333,0,0,0,0.5,0,0,0,0,0,0.5,0,0,28.75,1,1,0,0.3,0,0,0,0,50,0,1,1,1,0,1,0,0,0,1,1,0,0,0,0,0,0,0,0,0,21.7708333333333
TZA,Tanzania,2016,50,1,0.5,0.5,0.5,1,1,0,0,1,0.5,0,0,72.5,1,1,0,0.6,0.6,1,0.6,1,91.6666666666667,0,1,1,1,1,1,1,1,1,1,1,1,28.5714285714286,0,1,0,0,1,0,0,60.6845238095238
UGA,Uganda,2016,58.3333333333333,1,0.5,0,0.5,1,1,1,0.5,1,0.5,0,0,73.75,1,1,0,1,0.3,1,0.6,1,83.3333333333333,0,1,1,1,0,1,1,1,1,1,1,1,28.5714285714286,0,1,0,0,1,0,0,60.9970238095238
UKR,Ukraine,2016,75,0.5,1,1,1,1,0,0.5,0,1,1,1,1,52.5,0.5,0.5,0,1,0,1,0.6,0.6,91.6666666666667,1,1,1,1,0,1,1,1,1,1,1,1,42.8571428571429,1,0,0,1,1,0,0,65.5059523809524
URY,Uruguay,2016,37.5,0.5,0,0,0.5,0,0,0.5,0,1,1,1,0,78.75,1,1,1,1,0,1,0.3,1,100,1,1,1,1,1,1,1,1,1,1,1,1,71.4285714285714,1,1,1,1,1,0,0,71.9196428571429
USA,United States,2016,79.1666666666667,1,1,1,1,0,1,1,0.5,1,1,1,0,100,1,1,1,1,1,1,1,1,75,0,1,1,0,0,1,1,1,1,1,1,1,85.7142857142857,1,1,1,1,1,0,1,84.9702380952381
UZB,Uzbekistan,2016,41.6666666666667,0.5,1,1,0,0,0,0.5,1,0,0,1,0,15,0,0,0,0.3,0,0,0.3,0.6,91.6666666666667,1,1,1,1,1,1,1,1,1,1,0,1,28.5714285714286,0,0,0,1,1,0,0,44.2261904761905
VCT,St. Vincent and the Grenadines,2016,45.8333333333333,0.5,0.5,0.5,0.5,1,0,0,0,1,0.5,1,0,28.75,1,1,0,0,0,0,0,0.3,75,0,1,1,1,0,1,0,1,1,1,1,1,14.2857142857143,0,0,0,1,0,0,0,40.9672619047619
VEN,"Venezuela, RB",2016,25,0.5,0,0,0,1,0,0,0,1,0.5,0,0,41.25,1,1,0,0,0,0.3,0,1,91.6666666666667,1,1,1,1,1,1,0,1,1,1,1,1,42.8571428571429,0,1,0,1,1,0,0,50.1934523809524
VNM,Vietnam,2016,33.3333333333333,0.5,0.5,1,0.5,0,0,0,0,0,0.5,1,0,87.5,1,1,1,1,0,1,1,1,91.6666666666667,1,1,1,1,0,1,1,1,1,1,1,1,57.1428571428571,0,1,1,1,1,0,0,67.4107142857143
VUT,Vanuatu,2016,20.8333333333333,0.5,0.5,0,0,0,0,0,0,1,0.5,0,0,43.75,1,1,0,0.6,0,0,0.6,0.3,83.3333333333333,0,1,1,1,1,1,0,1,1,1,1,1,28.5714285714286,0,1,0,0,0,0,1,44.1220238095238
WSM,Samoa,2016,41.6666666666667,0.5,0.5,0.5,0.5,1,0,0,0.5,1,0.5,0,0,43.75,1,1,0,0.6,0,0.3,0.3,0.3,83.3333333333333,1,1,1,1,0,1,1,1,0,1,1,1,42.8571428571429,1,1,0,0,1,0,0,52.9017857142857
XKX,Kosovo,2016,50,0.5,0.5,1,0.5,1,0,0,1,1,0.5,0,0,70,1,1,0,1,0.3,1,0.3,1,50,1,0,0,0,0,0,1,1,1,1,1,0,42.8571428571429,1,0,1,1,0,0,0,53.2142857142857
YEM,"Yemen, Rep.",2016,25,0.5,0,0.5,0.5,1,0,0,0,0,0.5,0,0,38.75,0.5,0.5,0,0.6,0,0.3,0.6,0.6,83.3333333333333,1,1,1,1,0,1,1,1,0,1,1,1,0,0,0,0,0,0,0,0,36.7708333333333
ZAF,South Africa,2016,62.5,1,0.5,0.5,0.5,1,0,0.5,0.5,1,1,0,1,53.75,1,1,0,1,0,1,0,0.3,100,1,1,1,1,1,1,1,1,1,1,1,1,71.4285714285714,1,1,0,1,1,0,1,71.9196428571429
ZMB,Zambia,2016,37.5,1,0.5,0.5,0,1,0,0,0,1,0.5,0,0,82.5,1,1,0,1,1,1,1,0.6,83.3333333333333,1,1,1,1,0,1,0,1,1,1,1,1,42.8571428571429,0,1,1,1,0,0,0,61.547619047619
ZWE,Zimbabwe,2016,33.3333333333333,0.5,0.5,0.5,0.5,1,0,0,0.5,0,0.5,0,0,70,1,1,0,1,0.3,1,1,0.3,91.6666666666667,0,1,1,1,1,1,1,1,1,1,1,1,0,0,0,0,0,0,0,0,48.75
AFG,Afghanistan,2017,33.3333333333333,0.5,0,0,0,1,0,0.5,0.5,1,0.5,0,0,37.5,0,0,0,1,0,0,1,1,83.3333333333333,1,1,1,1,0,1,0,1,1,1,1,1,28.5714285714286,0,0,0,1,0,1,0,45.6845238095238
AGO,Angola,2017,37.5,0.5,0,1,0.5,1,0,0,0,1,0.5,0,0,50,1,1,0.5,0.6,0,0,0.6,0.3,75,0,1,1,0,1,1,0,1,1,1,1,1,0,0,0,0,0,0,0,0,40.625
ALB,Albania,2017,79.1666666666667,0.5,1,1,0.5,1,0,1,1,1,0.5,1,1,70,1,1,0,1,0,1,0.6,1,83.3333333333333,0,1,1,1,0,1,1,1,1,1,1,1,85.7142857142857,1,0,1,1,1,1,1,79.5535714285714
ARE,United Arab Emirates,2017,58.3333333333333,0.5,0.5,1,0.5,1,0,1,1,1,0.5,0,0,32.5,1,1,0,0.6,0,0,0,0,83.3333333333333,0,1,1,1,1,1,1,1,1,1,0,1,42.8571428571429,0,0,1,1,1,0,0,54.2559523809524
ARG,Argentina,2017,45.8333333333333,1,0,0.5,0,1,0,1,0,0,1,1,0,61.25,1,1,0,1,0.3,1,0.3,0.3,100,1,1,1,1,1,1,1,1,1,1,1,1,71.4285714285714,1,1,0,1,1,0,1,69.6279761904762
ARM,Armenia,2017,83.3333333333333,0.5,1,1,0.5,1,1,0.5,0.5,1,1,1,1,68.75,1,1,0,1,0.3,1,0.6,0.6,91.6666666666667,1,1,1,1,0,1,1,1,1,1,1,1,85.7142857142857,1,1,1,1,1,1,0,82.3660714285714
ATG,Antigua and Barbuda,2017,29.1666666666667,0.5,0,0.5,0,0,0,0,0,1,0.5,1,0,28.75,1,1,0,0,0,0,0,0.3,66.6666666666667,0,1,1,1,1,1,0,1,0,1,1,0,0,0,0,0,0,0,0,0,31.1458333333333
AUS,Australia,2017,100,1,1,1,1,1,1,1,1,1,1,1,1,100,1,1,1,1,1,1,1,1,75,0,1,1,0,0,1,1,1,1,1,1,1,100,1,1,1,1,1,1,1,93.75
AUT,Austria,2017,91.6666666666667,1,1,1,1,1,0,1,1,1,1,1,1,100,1,1,1,1,1,1,1,1,83.3333333333333,0,1,1,1,0,1,1,1,1,1,1,1,57.1428571428571,1,1,1,0,1,0,0,83.0357142857143
AZE,Azerbaijan,2017,70.8333333333333,0.5,0,1,1,1,1,0.5,0,1,0.5,1,1,47.5,1,1,0,0.6,0,0.6,0,0.6,91.6666666666667,0,1,1,1,1,1,1,1,1,1,1,1,85.7142857142857,1,0,1,1,1,1,1,73.9285714285714
BDI,Burundi,2017,33.3333333333333,0.5,0,0.5,0.5,1,0,0,0,1,0.5,0,0,51.25,1,1,0,0.6,0.6,0,0.6,0.3,83.3333333333333,0,1,1,1,1,1,1,1,1,1,1,0,42.8571428571429,1,1,0,0,1,0,0,52.6934523809524
BEL,Belgium,2017,87.5,1,1,1,0.5,1,0,1,1,1,1,1,1,100,1,1,1,1,1,1,1,1,75,0,1,1,0,0,1,1,1,1,1,1,1,57.1428571428571,1,0,1,1,1,0,0,79.9107142857143
BEN,Benin,2017,29.1666666666667,0,0.5,0.5,0.5,0,0,0,0.5,1,0.5,0,0,77.5,1,1,1,1,0,1,0.6,0.6,83.3333333333333,1,1,1,1,0,1,0,1,1,1,1,1,28.5714285714286,0,1,0,0,1,0,0,54.6428571428571
BFA,Burkina Faso,2017,33.3333333333333,0.5,0,0.5,0.5,1,0,0,0,1,0.5,0,0,56.25,1,1,0,1,0.6,0,0.6,0.3,100,1,1,1,1,1,1,1,1,1,1,1,1,42.8571428571429,0,1,1,1,0,0,0,58.110119047619
BGD,Bangladesh,2017,25,0.5,0,1,0,0,0,0,0,1,0.5,0,0,70,1,1,0,1,0,1,1,0.6,91.6666666666667,1,1,1,0,1,1,1,1,1,1,1,1,28.5714285714286,0,1,0,0,1,0,0,53.8095238095238
BGR,Bulgaria,2017,87.5,0.5,1,1,1,1,1,1,1,1,1,1,0,75,1,1,0,1,1,1,0,1,91.6666666666667,1,1,1,1,0,1,1,1,1,1,1,1,71.4285714285714,1,0,1,1,1,1,0,81.3988095238095
BHR,Bahrain,2017,37.5,0.5,0.5,0.5,0,1,0,0,0.5,0,0.5,1,0,25,1,1,0,0,0,0,0,0,75,0,1,1,1,1,1,0,1,1,1,1,0,28.5714285714286,0,0,1,1,0,0,0,41.5178571428571
BHS,"Bahamas, The",2017,25,0.5,0,1,0,0,0,0.5,0.5,0,0.5,0,0,45,1,1,0,0.3,0,1,0,0.3,75,0,1,1,1,0,1,1,1,1,1,1,0,0,0,0,0,0,0,0,0,36.25
BIH,Bosnia and Herzegovina,2017,66.6666666666667,0.5,1,1,0.5,1,0,1,0.5,1,0.5,1,0,65,1,1,0,1,0,1,0.6,0.6,83.3333333333333,1,1,1,0,0,1,1,1,1,1,1,1,28.5714285714286,1,0,0,0,1,0,0,60.8928571428571
BLR,Belarus,2017,79.1666666666667,0.5,1,1,1,1,0,0.5,0.5,1,1,1,1,52.5,1,1,0,1,0,0.3,0.3,0.6,91.6666666666667,1,1,1,1,0,1,1,1,1,1,1,1,57.1428571428571,1,0,1,0,1,1,0,70.1190476190476
BLZ,Belize,2017,29.1666666666667,0.5,0,0.5,0,1,0,0,0,1,0.5,0,0,60,1,1,0,0.6,0,1,0.6,0.6,83.3333333333333,0,1,1,1,0,1,1,1,1,1,1,1,42.8571428571429,1,0,0,1,0,0,1,53.8392857142857
BOL,Bolivia,2017,16.6666666666667,0,0,0.5,0,0,0,0,0,1,0.5,0,0,63.75,1,1,0,1,0.6,0.6,0.6,0.3,100,1,1,1,1,1,1,1,1,1,1,1,1,42.8571428571429,0,1,0,1,0,0,1,55.8184523809524
BRA,Brazil,2017,54.1666666666667,1,0,1,0.5,1,0,1,0,1,1,0,0,60,1,0.5,0,1,1,1,0,0.3,83.3333333333333,0,1,1,0,1,1,1,1,1,1,1,1,71.4285714285714,1,1,1,1,1,0,0,67.2321428571429
BRB,Barbados,2017,33.3333333333333,0.5,0,0.5,0,0,0,0,0.5,1,0.5,1,0,32.5,1,1,0,0,0,0,0.3,0.3,66.6666666666667,0,1,1,0,1,1,1,0,1,1,0,1,0,0,0,0,0,0,0,0,33.125
BRN,Brunei Darussalam,2017,41.6666666666667,0.5,0.5,0.5,0,1,0,0,0,1,0.5,1,0,36.25,1,1,0,0.3,0,0.6,0,0,83.3333333333333,0,1,1,1,0,1,1,1,1,1,1,1,57.1428571428571,1,0,1,1,1,0,0,54.5982142857143
BTN,Bhutan,2017,20.8333333333333,0.5,0,0,0,0,0,0.5,0,1,0.5,0,0,52.5,1,1,0,0.6,0,1,0.3,0.3,75,0,1,1,1,0,1,1,1,1,1,1,0,42.8571428571429,0,1,1,1,0,0,0,47.7976190476191
BWA,Botswana,2017,33.3333333333333,0.5,0,1,0,1,0,0,0,1,0.5,0,0,36.25,1,1,0,0.6,0,0,0,0.3,66.6666666666667,0,1,1,0,0,1,0,1,1,1,1,1,57.1428571428571,1,1,0,0,1,0,1,48.3482142857143
CAF,Central African Republic,2017,16.6666666666667,0,0,0.5,0,0,0,0,0,1,0.5,0,0,23.75,0.5,0.5,0,0.3,0,0,0.3,0.3,66.6666666666667,0,1,1,1,0,1,0,1,1,1,0,1,0,0,0,0,0,0,0,0,26.7708333333333
CAN,Canada,2017,91.6666666666667,1,1,1,0.5,1,1,1,0.5,1,1,1,1,100,1,1,1,1,1,1,1,1,75,0,1,1,0,0,1,1,1,1,1,1,1,85.7142857142857,1,1,1,1,1,1,0,88.0952380952381
CHE,Switzerland,2017,75,1,1,1,1,1,0,1,1,0,1,1,0,100,1,1,1,1,1,1,1,1,83.3333333333333,0,1,1,1,0,1,1,1,1,1,1,1,71.4285714285714,1,1,1,1,1,0,0,82.4404761904762
CHL,Chile,2017,62.5,0.5,0.5,0.5,0.5,1,0,0,0.5,1,1,1,1,70,1,1,0,1,0.6,1,0,1,100,1,1,1,1,1,1,1,1,1,1,1,1,71.4285714285714,1,1,1,1,1,0,0,75.9821428571429
CHN,China,2017,50,0.5,0.5,1,1,1,0,0.5,0.5,0,1,0,0,48.75,1,1,0,1,0,0.6,0,0.3,83.3333333333333,1,1,1,0,0,1,1,1,1,1,1,1,71.4285714285714,1,0,1,1,1,0,1,63.3779761904762
CIV,Côte d'Ivoire,2017,25,0,0.5,0.5,0.5,0,0,0,0,1,0.5,0,0,56.25,1,1,0,0.6,0.3,0.3,1,0.3,NA,NA,NA,NA,NA,NA,NA,NA,NA,NA,NA,NA,NA,28.5714285714286,0,1,0,1,0,0,0,NA
CMR,Cameroon,2017,33.3333333333333,0.5,0,1,0,1,0,0,0,1,0.5,0,0,45,1,0.5,0,0.6,0,0.3,0.6,0.6,91.6666666666667,1,1,1,1,0,1,1,1,1,1,1,1,28.5714285714286,0,1,0,1,0,0,0,49.6428571428571
COD,"Congo, Dem. Rep.",2017,16.6666666666667,0,0,0.5,0,0,0,0,0,1,0.5,0,0,36.25,1,0,0,0.3,0,0,1,0.6,75,0,1,1,1,1,1,0,1,1,1,1,0,0,0,0,0,0,0,0,0,31.9791666666667
COG,"Congo, Rep.",2017,20.8333333333333,0,0,0,0,1,0,0,0,1,0.5,0,0,45,1,1,0,0.3,0,0,1,0.3,66.6666666666667,0,1,1,0,0,1,0,1,1,1,1,1,0,0,0,0,0,0,0,0,33.125
COL,Colombia,2017,50,0.5,0,1,0.5,0,0,1,0,1,1,0,1,81.25,0.5,1,0,1,1,1,1,1,100,1,1,1,1,1,1,1,1,1,1,1,1,100,1,1,1,1,1,1,1,82.8125
COM,Comoros,2017,20.8333333333333,0,0,0,0,1,0,0,0,1,0.5,0,0,30,1,0.5,0,0.3,0,0.3,0.3,0,66.6666666666667,0,1,1,1,0,1,1,0,1,1,1,0,0,0,0,0,0,0,0,0,29.375
CPV,Cabo Verde,2017,33.3333333333333,0.5,0.5,0,0,0,0,0.5,0,1,0.5,1,0,48.75,1,1,0,0.6,0,1,0,0.3,100,1,1,1,1,1,1,1,1,1,1,1,1,71.4285714285714,1,1,0,1,1,0,1,63.3779761904762
CRI,Costa Rica,2017,70.8333333333333,1,1,1,0.5,1,0,1,0,1,1,1,0,61.25,1,1,0,1,0,1,0.3,0.6,91.6666666666667,1,1,1,1,0,1,1,1,1,1,1,1,100,1,1,1,1,1,1,1,80.9375
CYP,Cyprus,2017,83.3333333333333,0.5,1,1,0.5,1,0,1,1,1,1,1,1,100,1,1,1,1,1,1,1,1,83.3333333333333,0,1,1,1,0,1,1,1,1,1,1,1,42.8571428571429,1,0,0,1,1,0,0,77.3809523809524
CZE,Czech Republic,2017,87.5,1,1,1,0.5,1,0,1,1,1,1,1,1,100,1,1,1,1,1,1,1,1,83.3333333333333,0,1,1,1,0,1,1,1,1,1,1,1,42.8571428571429,0,0,1,1,1,0,0,78.422619047619
DEU,Germany,2017,87.5,1,1,1,0.5,1,0,1,1,1,1,1,1,100,1,1,1,1,1,1,1,1,83.3333333333333,0,1,1,1,0,1,1,1,1,1,1,1,71.4285714285714,1,1,1,1,1,0,0,85.5654761904762
DJI,Djibouti,2017,16.6666666666667,0,0,0,0,0,0,0,0.5,1,0.5,0,0,36.25,1,1,0,0.6,0,0,0,0.3,75,0,1,1,1,0,1,0,1,1,1,1,1,0,0,0,0,0,0,0,0,31.9791666666667
DMA,Dominica,2017,41.6666666666667,0.5,0,0.5,0.5,1,0,0,0,1,0.5,1,0,32.5,1,1,0,0.3,0,0,0,0.3,66.6666666666667,0,1,1,1,0,1,0,1,0,1,1,1,0,0,0,0,0,0,0,0,35.2083333333333
DNK,Denmark,2017,83.3333333333333,1,1,1,1,1,0,1,1,1,1,1,0,100,1,1,1,1,1,1,1,1,83.3333333333333,0,1,1,1,0,1,1,1,1,1,1,1,57.1428571428571,1,0,1,1,1,0,0,80.952380952381
DOM,Dominican Republic,2017,54.1666666666667,1,0.5,1,0.5,1,0,1,0,1,0.5,0,0,66.25,1,1,0,1,0,1,1,0.3,91.6666666666667,0,1,1,1,1,1,1,1,1,1,1,1,57.1428571428571,0,1,1,1,1,0,0,67.3065476190476
DZA,Algeria,2017,25,0,0,0.5,0,1,0,0,0,1,0.5,0,0,48.75,1,1,1,0.3,0,0.3,0.3,0,83.3333333333333,0,1,1,1,0,1,1,1,1,1,1,1,14.2857142857143,0,0,1,0,0,0,0,42.8422619047619
ECU,Ecuador,2017,50,1,0.5,1,0,1,0,0,0.5,1,1,0,0,56.25,1,0.5,0,1,0,1,0,1,100,1,1,1,1,1,1,1,1,1,1,1,1,71.4285714285714,1,1,1,1,1,0,0,69.4196428571429
EGY,"Egypt, Arab Rep.",2017,66.6666666666667,0.5,0.5,1,0.5,1,0,0,0.5,1,1,1,1,61.25,1,1,0,1,0,1,0.6,0.3,91.6666666666667,1,1,1,1,0,1,1,1,1,1,1,1,71.4285714285714,1,1,1,1,1,0,0,72.7529761904762
ERI,Eritrea,2017,8.33333333333333,0,0,0,0,0,0,0,0,1,0,0,0,3.75,0,0,0,0,0,0,0,0.3,33.3333333333333,0,1,1,1,0,1,0,0,0,0,0,0,0,0,0,0,0,0,0,0,11.3541666666667
ESP,Spain,2017,87.5,1,1,1,0.5,1,0,1,1,1,1,1,1,100,1,1,1,1,1,1,1,1,91.6666666666667,0,1,1,1,1,1,1,1,1,1,1,1,85.7142857142857,1,1,1,1,1,1,0,91.2202380952381
EST,Estonia,2017,83.3333333333333,1,1,1,1,1,1,1,0,1,1,1,0,100,1,1,1,1,1,1,1,1,83.3333333333333,0,1,1,1,0,1,1,1,1,1,1,1,85.7142857142857,1,0,1,1,1,1,1,88.0952380952381
ETH,Ethiopia,2017,16.6666666666667,0.5,0.5,0,0,0,0,0,0.5,0,0.5,0,0,87.5,1,1,0,1,1,1,1,1,83.3333333333333,1,1,1,1,0,1,0,1,1,1,1,1,14.2857142857143,0,1,0,0,0,0,0,50.4464285714286
FIN,Finland,2017,91.6666666666667,1,1,1,1,1,0,1,1,1,1,1,1,100,1,1,1,1,1,1,1,1,83.3333333333333,0,1,1,1,0,1,1,1,1,1,1,1,71.4285714285714,1,1,1,1,1,0,0,86.6071428571429
FJI,Fiji,2017,50,0.5,0.5,1,0.5,1,0,0,0,1,0.5,1,0,48.75,1,1,0,1,0,0.6,0,0.3,75,0,1,1,1,0,1,1,1,0,1,1,1,28.5714285714286,0,1,0,1,0,0,0,50.5803571428571
FRA,France,2017,91.6666666666667,1,1,1,1,1,0,1,1,1,1,1,1,100,1,1,1,1,1,1,1,1,75,0,1,1,0,0,1,1,1,1,1,1,1,85.7142857142857,1,1,1,1,1,1,0,88.0952380952381
FSM,"Micronesia, Fed. Sts.",2017,16.6666666666667,0.5,0,0,0,1,0,0,0,0,0.5,0,0,32.5,1,1,0,0.3,0,0,0,0.3,58.3333333333333,0,1,1,0,0,1,1,1,0,1,1,0,28.5714285714286,0,0,0,1,1,0,0,34.0178571428571
GAB,Gabon,2017,20.8333333333333,0.5,0,0.5,0,0,0,0,0,1,0.5,0,0,30,0.5,1,0,0,0,0.3,0.3,0.3,66.6666666666667,0,1,1,0,0,1,0,1,1,1,1,1,14.2857142857143,0,0,0,1,0,0,0,32.9464285714286
GBR,United Kingdom,2017,83.3333333333333,1,1,1,1,1,0,1,1,0,1,1,1,100,1,1,1,1,1,1,1,1,83.3333333333333,0,1,1,1,0,1,1,1,1,1,1,1,85.7142857142857,1,1,1,1,1,0,1,88.0952380952381
GEO,Georgia,2017,79.1666666666667,0.5,1,0.5,0.5,1,1,0.5,0.5,1,1,1,1,61.25,1,1,0,1,0.3,1,0,0.6,100,1,1,1,1,1,1,1,1,1,1,1,1,71.4285714285714,1,1,0,1,1,0,1,77.9613095238095
GHA,Ghana,2017,37.5,0.5,0,1,0,1,0,0.5,0,1,0.5,0,0,61.25,1,1,0,1,0,0.3,1,0.6,91.6666666666667,1,1,1,1,0,1,1,1,1,1,1,1,42.8571428571429,1,1,0,0,0,1,0,58.3184523809524
GIN,Guinea,2017,8.33333333333333,0.5,0,0,0,0,0,0,0,0,0.5,0,0,37.5,1,0.5,0,0.6,0,0,0.6,0.3,83.3333333333333,0,1,1,1,1,1,0,1,1,1,1,1,14.2857142857143,0,1,0,0,0,0,0,35.8630952380952
GMB,"Gambia, The",2017,25,0.5,0,0.5,0,0,0,0.5,0,1,0.5,0,0,53.75,1,1,0,1,0,0.3,1,0,91.6666666666667,1,1,1,1,1,1,0,1,1,1,1,1,14.2857142857143,0,1,0,0,0,0,0,46.1755952380952
GNB,Guinea-Bissau,2017,20.8333333333333,0.5,0,0,0.5,0,0,0,0,1,0.5,0,0,36.25,1,1,0,0.3,0,0,0.6,0,75,0,1,1,0,1,1,0,1,1,1,1,1,14.2857142857143,0,1,0,0,0,0,0,36.5922619047619
GNQ,Equatorial Guinea,2017,20.8333333333333,0,0,0,0,1,0,0,0,1,0.5,0,0,28.75,1,1,0,0,0,0,0.3,0,58.3333333333333,0,1,1,1,0,1,0,1,1,1,0,0,0,0,0,0,0,0,0,0,26.9791666666667
GRC,Greece,2017,79.1666666666667,1,1,1,0.5,1,0,1,1,1,1,1,0,100,1,1,1,1,1,1,1,1,83.3333333333333,0,1,1,1,0,1,1,1,1,1,1,1,57.1428571428571,1,1,0,0,1,1,0,79.9107142857143
GRD,Grenada,2017,29.1666666666667,0,0,0.5,0.5,0,0,0,0,1,0.5,1,0,28.75,1,1,0,0.3,0,0,0,0,66.6666666666667,0,1,1,0,1,1,1,1,0,1,1,0,0,0,0,0,0,0,0,0,31.1458333333333
GTM,Guatemala,2017,33.3333333333333,0.5,0,0.5,0.5,0,0,0,0,1,0.5,1,0,48.75,0.5,0.5,0,0.6,1,1,0.3,0,100,1,1,1,1,1,1,1,1,1,1,1,1,28.5714285714286,0,1,0,1,0,0,0,52.6636904761905
GUY,Guyana,2017,25,0.5,0,1,0,0,0,0,0,1,0.5,0,0,41.25,1,1,0,0,0,0,1,0.3,75,0,1,1,0,1,1,0,1,1,1,1,1,0,0,0,0,0,0,0,0,35.3125
HND,Honduras,2017,37.5,0.5,0,0.5,0,1,0,1,0,1,0.5,0,0,78.75,1,1,0,1,1,1,1,0.3,100,1,1,1,1,1,1,1,1,1,1,1,1,28.5714285714286,0,1,0,0,0,1,0,61.2053571428571
HRV,Croatia,2017,79.1666666666667,0.5,1,1,0.5,1,1,0,0.5,1,1,1,1,75,1,1,0,1,1,1,0,1,91.6666666666667,1,1,1,1,0,1,1,1,1,1,1,1,85.7142857142857,1,0,1,1,1,1,1,82.8869047619048
HTI,Haiti,2017,20.8333333333333,0,0,0,0,1,0,0,0,1,0.5,0,0,36.25,1,1,0,0.6,0,0,0.3,0,66.6666666666667,0,1,1,0,1,1,0,0,1,1,1,1,14.2857142857143,0,0,0,0,1,0,0,34.5089285714286
HUN,Hungary,2017,100,1,1,1,1,1,1,1,1,1,1,1,1,100,1,1,1,1,1,1,1,1,100,1,1,1,1,1,1,1,1,1,1,1,1,100,1,1,1,1,1,1,1,100
IDN,Indonesia,2017,50,0.5,0.5,1,0.5,0,0,0.5,1,1,1,0,0,75,1,1,0,1,0,1,1,1,100,1,1,1,1,1,1,1,1,1,1,1,1,71.4285714285714,1,1,1,1,1,0,0,74.1071428571429
IND,India,2017,50,1,0.5,0.5,0.5,1,0,0.5,1,0,1,0,0,78.75,1,1,1,1,0,1,0.3,1,75,0,1,1,1,0,1,0,1,1,1,1,1,57.1428571428571,1,1,1,0,1,0,0,65.2232142857143
IRL,Ireland,2017,79.1666666666667,1,1,1,0.5,1,0,1,1,1,1,1,0,100,1,1,1,1,1,1,1,1,75,0,1,1,0,0,1,1,1,1,1,1,1,71.4285714285714,1,1,1,1,1,0,0,81.3988095238095
IRN,"Iran, Islamic Rep.",2017,37.5,0.5,0,0.5,0.5,1,0,0.5,0,0,0.5,1,0,50,1,1,0,1,0,1,0,0,83.3333333333333,0,1,1,1,1,1,1,1,1,1,0,1,28.5714285714286,0,0,0,1,1,0,0,49.8511904761905
IRQ,Iraq,2017,37.5,0,0.5,0.5,0.5,1,0,0,0.5,1,0.5,0,0,45,1,1,0,1,0,0,0.3,0.3,83.3333333333333,0,1,1,0,1,1,1,1,1,1,1,1,0,0,0,0,0,0,0,0,41.4583333333333
ISL,Iceland,2017,91.6666666666667,1,1,0.5,1,1,1,1,0.5,1,1,1,1,100,1,1,1,1,1,1,1,1,75,0,1,1,0,0,1,1,1,1,1,1,1,57.1428571428571,1,0,1,1,1,0,0,80.9523809523809
ISR,Israel,2017,87.5,1,1,1,0.5,1,0,1,1,1,1,1,1,100,1,1,1,1,1,1,1,1,83.3333333333333,0,1,1,1,0,1,1,1,1,1,1,1,71.4285714285714,1,1,1,1,1,0,0,85.5654761904762
ITA,Italy,2017,91.6666666666667,1,1,1,1,1,0,1,1,1,1,1,1,100,1,1,1,1,1,1,1,1,83.3333333333333,0,1,1,1,0,1,1,1,1,1,1,1,71.4285714285714,1,1,1,1,1,0,0,86.6071428571429
JAM,Jamaica,2017,33.3333333333333,0.5,0.5,0.5,0,1,0,0,0,1,0.5,0,0,57.5,1,1,0,1,0,1,0.3,0.3,91.6666666666667,0,1,1,1,1,1,1,1,1,1,1,1,57.1428571428571,1,0,0,1,1,0,1,59.9107142857143
JOR,Jordan,2017,25,0,0,1,0.5,0,0,0,0.5,0,1,0,0,66.25,1,1,0,1,0,1,1,0.3,83.3333333333333,0,1,1,1,0,1,1,1,1,1,1,1,57.1428571428571,0,1,1,1,1,0,0,57.9315476190476
JPN,Japan,2017,70.8333333333333,0.5,1,1,0.5,1,0,1,0.5,1,1,1,0,100,1,1,1,1,1,1,1,1,75,0,1,1,0,0,1,1,1,1,1,1,1,42.8571428571429,0,0,1,1,1,0,0,72.1726190476191
KAZ,Kazakhstan,2017,75,0.5,1,1,1,1,0,0.5,0,1,1,1,1,70,1,1,0,1,0,1,1,0.6,91.6666666666667,1,1,1,1,0,1,1,1,1,1,1,1,57.1428571428571,1,0,1,1,1,0,0,73.452380952381
KEN,Kenya,2017,37.5,1,0.5,0.5,0,0,0,1,0,1,0.5,0,0,65,1,1,0,0.6,0,0.6,1,1,100,1,1,1,1,1,1,1,1,1,1,1,1,14.2857142857143,0,1,0,0,0,0,0,54.1964285714286
KGZ,Kyrgyz Republic,2017,87.5,0.5,1,1,1,1,1,0.5,0.5,1,1,1,1,46.25,1,0.5,0,1,0,0,0.6,0.6,91.6666666666667,1,1,1,1,0,1,1,1,1,1,1,1,57.1428571428571,1,1,0,1,1,0,0,70.639880952381
KHM,Cambodia,2017,37.5,0.5,0,0.5,0,1,0,0,0,1,0.5,0,1,82.5,1,1,1,1,0,0.6,1,1,91.6666666666667,0,1,1,1,1,1,1,1,1,1,1,1,42.8571428571429,0,1,0,1,1,0,0,63.6309523809524
KIR,Kiribati,2017,16.6666666666667,0.5,0,0.5,0,0,0,0.5,0,0,0.5,0,0,28.75,1,1,0,0,0,0,0.3,0,75,0,1,1,1,0,1,1,1,0,1,1,1,0,0,0,0,0,0,0,0,30.1041666666667
KNA,St. Kitts and Nevis,2017,29.1666666666667,0.5,0,0.5,0,0,0,0,0,1,0.5,1,0,28.75,1,1,0,0,0,0,0,0.3,50,0,1,1,1,0,0,0,1,0,1,1,0,0,0,0,0,0,0,0,0,26.9791666666667
KOR,"Korea, Rep.",2017,70.8333333333333,1,0.5,1,0.5,1,0,0,0.5,1,1,1,1,100,1,1,1,1,1,1,1,1,83.3333333333333,0,1,1,1,0,1,1,1,1,1,1,1,57.1428571428571,1,0,1,1,1,0,0,77.827380952381
KWT,Kuwait,2017,37.5,0.5,0.5,0.5,0,0,0,0.5,0,1,0.5,1,0,46.25,1,0.5,0,0.6,0,0.6,0,1,91.6666666666667,0,1,1,1,1,1,1,1,1,1,1,1,14.2857142857143,0,0,0,1,0,0,0,47.4255952380952
LAO,Lao PDR,2017,16.6666666666667,0.5,0.5,0,0.5,0,0,0,0,0,0.5,0,0,62.5,1,1,0.5,0.6,0,0.6,0.3,1,83.3333333333333,0,1,1,1,1,1,0,1,1,1,1,1,14.2857142857143,0,1,0,0,0,0,0,44.1964285714286
LBN,Lebanon,2017,29.1666666666667,0.5,0.5,0,0.5,0,0,0,0.5,0,0.5,1,0,47.5,1,1,0,0.3,0,0.6,0.3,0.6,66.6666666666667,0,1,1,0,0,1,0,1,1,1,1,1,14.2857142857143,0,0,0,0,1,0,0,39.4047619047619
LBR,Liberia,2017,25,0,0,0.5,0,1,0,0.5,0.5,0,0.5,0,0,68.75,1,1,1,1,0,0.6,0.6,0.3,91.6666666666667,1,1,1,1,0,1,1,1,1,1,1,1,0,0,0,0,0,0,0,0,46.3541666666667
LBY,Libya,2017,20.8333333333333,0.5,0,0.5,0,1,0,0,0,0,0.5,0,0,12.5,0.5,0.5,0,0,0,0,0,0,41.6666666666667,0,1,1,0,0,1,0,0,0,1,1,0,0,0,0,0,0,0,0,0,18.75
LCA,St. Lucia,2017,29.1666666666667,0,0,0.5,0.5,0,0,0,0,1,0.5,1,0,48.75,1,1,0,0.3,0,1,0.3,0.3,83.3333333333333,1,1,1,1,0,1,1,1,1,1,1,0,28.5714285714286,0,1,0,1,0,0,0,47.4553571428571
LKA,Sri Lanka,2017,54.1666666666667,0.5,0.5,1,0.5,1,0,0,0,1,1,1,0,72.5,1,1,0.5,1,0,1,0.3,1,100,1,1,1,1,1,1,1,1,1,1,1,1,71.4285714285714,1,1,0,1,1,0,1,74.5238095238095
LSO,Lesotho,2017,37.5,0.5,0.5,0.5,0,1,0,0,0.5,1,0.5,0,0,82.5,1,1,0,1,1,0.6,1,1,83.3333333333333,0,1,1,1,1,1,0,1,1,1,1,1,28.5714285714286,0,1,0,0,1,0,0,57.9761904761905
LTU,Lithuania,2017,100,1,1,1,1,1,1,1,1,1,1,1,1,100,1,1,1,1,1,1,1,1,91.6666666666667,1,1,1,1,0,1,1,1,1,1,1,1,57.1428571428571,1,0,1,1,1,0,0,87.202380952381
LUX,Luxembourg,2017,83.3333333333333,1,1,1,1,1,0,1,1,1,1,1,0,100,1,1,1,1,1,1,1,1,83.3333333333333,0,1,1,1,0,1,1,1,1,1,1,1,57.1428571428571,1,0,1,1,1,0,0,80.952380952381
LVA,Latvia,2017,91.6666666666667,1,1,1,1,1,1,1,0,1,1,1,1,100,1,1,1,1,1,1,1,1,91.6666666666667,1,1,1,1,0,1,1,1,1,1,1,1,85.7142857142857,1,1,1,1,1,0,1,92.2619047619048
MAR,Morocco,2017,50,0.5,0.5,0.5,0.5,1,1,0,0,1,1,0,0,55,1,1,0.5,0.6,0,0,0.3,1,83.3333333333333,0,1,1,1,0,1,1,1,1,1,1,1,57.1428571428571,0,1,1,1,1,0,0,61.3690476190476
MDA,Moldova,2017,87.5,0.5,1,1,1,1,1,0.5,0.5,1,1,1,1,52.5,1,1,0,1,0,0.3,0.3,0.6,91.6666666666667,1,1,1,1,1,1,1,1,1,1,1,0,57.1428571428571,1,0,1,1,1,0,0,72.202380952381
MDG,Madagascar,2017,29.1666666666667,0,0,0,0.5,1,0,0,0.5,1,0.5,0,0,35,0,0,0,0.6,0,0.6,1,0.6,83.3333333333333,0,1,1,1,0,1,1,1,1,1,1,1,0,0,0,0,0,0,0,0,36.875
MDV,Maldives,2017,41.6666666666667,0.5,0,0,0.5,1,0,0.5,0,1,0.5,1,0,48.75,1,1,0,1,0,0,0.3,0.6,91.6666666666667,1,1,1,1,1,1,1,1,0,1,1,1,0,0,0,0,0,0,0,0,45.5208333333333
MEX,Mexico,2017,79.1666666666667,1,0.5,1,0.5,1,1,0.5,0,1,1,1,1,86.25,1,1,1,1,0.6,1,0.3,1,100,1,1,1,1,1,1,1,1,1,1,1,1,85.7142857142857,1,1,1,1,1,0,1,87.7827380952381
MHL,Marshall Islands,2017,4.16666666666667,0,0,0,0,0,0,0,0,0,0.5,0,0,28.75,1,1,0,0,0,0,0.3,0,66.6666666666667,0,1,1,1,0,1,0,1,1,1,1,0,0,0,0,0,0,0,0,0,24.8958333333333
MKD,"Macedonia, FYR",2017,66.6666666666667,0.5,0,1,1,1,0,0.5,0,1,1,1,1,58.75,0.5,1,0,1,0,1,0.6,0.6,NA,NA,NA,NA,NA,NA,NA,NA,NA,NA,NA,NA,NA,71.4285714285714,1,0,1,1,1,1,0,NA
MLI,Mali,2017,25,0,0,0.5,0,1,0,0,0,1,0.5,0,0,75,1,1,0,1,1,0,1,1,83.3333333333333,0,1,1,1,1,1,1,0,1,1,1,1,14.2857142857143,0,1,0,0,0,0,0,49.4047619047619
MLT,Malta,2017,75,0.5,1,1,0.5,1,0,1,1,1,1,1,0,100,1,1,1,1,1,1,1,1,83.3333333333333,0,1,1,1,0,1,1,1,1,1,1,1,85.7142857142857,1,1,1,1,1,0,1,86.0119047619048
MMR,Myanmar,2017,33.3333333333333,0,0.5,0,0.5,0,0,0.5,1,1,0.5,0,0,56.25,1,1,0,0.6,0,0.3,1,0.6,91.6666666666667,1,1,1,0,1,1,1,1,1,1,1,1,42.8571428571429,0,0,1,1,1,0,0,56.0267857142857
MNE,Montenegro,2017,37.5,0.5,0,1,0.5,1,0,0,0,0,0.5,1,0,61.25,1,1,0,1,0,1,0.3,0.6,91.6666666666667,1,1,1,1,0,1,1,1,1,1,1,1,71.4285714285714,1,1,0,1,1,1,0,65.4613095238095
MNG,Mongolia,2017,62.5,0.5,0.5,0.5,0.5,1,1,0.5,0,1,1,1,0,65,1,1,0,1,0,1,0.6,0.6,91.6666666666667,1,1,1,1,0,1,1,1,1,1,1,1,71.4285714285714,1,1,1,1,0,1,0,72.6488095238095
MOZ,Mozambique,2017,33.3333333333333,0.5,0.5,0.5,0,1,0,0,0,1,0.5,0,0,43.75,1,1,0,0.6,0,0,0.6,0.3,100,1,1,1,1,1,1,1,1,1,1,1,1,42.8571428571429,1,1,0,0,1,0,0,54.985119047619
MRT,Mauritania,2017,29.1666666666667,0.5,0,1,0.5,1,0,0,0,0,0.5,0,0,52.5,1,1,0,0.6,0,0.3,1,0.3,83.3333333333333,1,1,1,1,0,1,0,1,1,1,1,1,0,0,0,0,0,0,0,0,41.25
MUS,Mauritius,2017,70.8333333333333,0.5,0,1,0.5,1,1,1,0.5,1,1,1,0,66.25,1,1,1,1,0,1,0,0.3,91.6666666666667,0,1,1,1,1,1,1,1,1,1,1,1,57.1428571428571,0,1,1,1,1,0,0,71.4732142857143
MWI,Malawi,2017,20.8333333333333,1,0.5,0.5,0,0,0,0,0,0,0.5,0,0,66.25,1,1,0,1,0,0.3,1,1,91.6666666666667,1,1,1,1,1,1,0,1,1,1,1,1,28.5714285714286,0,1,0,0,1,0,0,51.8303571428571
MYS,Malaysia,2017,54.1666666666667,0.5,0.5,1,0.5,1,0,0,0,1,1,1,0,57.5,1,1,0,1,0,1,0,0.6,100,1,1,1,1,1,1,1,1,1,1,1,1,57.1428571428571,1,0,1,1,1,0,0,67.2023809523809
NAM,Namibia,2017,29.1666666666667,0.5,0.5,0.5,0.5,0,0,0,0,1,0.5,0,0,65,1,1,0,1,0,1,0.6,0.6,83.3333333333333,1,1,1,0,0,1,1,1,1,1,1,1,42.8571428571429,0,1,1,1,0,0,0,55.0892857142857
NER,Niger,2017,29.1666666666667,0.5,0,0.5,0,1,0,0,0,1,0.5,0,0,61.25,1,1,0,1,1,0,0.6,0.3,91.6666666666667,1,1,1,1,0,1,1,1,1,1,1,1,42.8571428571429,1,1,0,0,1,0,0,56.2351190476191
NGA,Nigeria,2017,37.5,1,0.5,1,0.5,0,0,0,0,1,0.5,0,0,45,0.5,0.5,0,0.3,0.3,0,1,1,75,0,1,1,0,0,1,1,1,1,1,1,1,57.1428571428571,1,1,1,0,1,0,0,53.6607142857143
NIC,Nicaragua,2017,33.3333333333333,0.5,1,0.5,0.5,0,0,0,0,1,0.5,0,0,50,0.5,1,0,1,0.3,0.3,0.6,0.3,91.6666666666667,1,1,1,0,1,1,1,1,1,1,1,1,14.2857142857143,0,0,0,0,1,0,0,47.3214285714286
NLD,Netherlands,2017,91.6666666666667,1,1,1,1,1,0,1,1,1,1,1,1,100,1,1,1,1,1,1,1,1,75,0,1,1,0,0,1,1,1,1,1,1,1,57.1428571428571,1,0,1,1,1,0,0,80.9523809523809
NOR,Norway,2017,91.6666666666667,1,1,1,1,1,0,1,1,1,1,1,1,100,1,1,1,1,1,1,1,1,83.3333333333333,0,1,1,1,0,1,1,1,1,1,1,1,71.4285714285714,1,0,1,1,1,1,0,86.6071428571429
NPL,Nepal,2017,20.8333333333333,0.5,0,0.5,0,0,0,0,0,1,0.5,0,0,75,1,1,0,1,0,1,1,1,83.3333333333333,0,1,1,1,0,1,1,1,1,1,1,1,42.8571428571429,0,1,0,1,0,1,0,55.5059523809524
NRU,Nauru,2017,16.6666666666667,0.5,0.5,0,0,0,0,0,0,0,0,1,0,28.75,1,1,0,0.3,0,0,0,0,58.3333333333333,0,1,1,1,0,1,0,1,0,1,1,0,0,0,0,0,0,0,0,0,25.9375
NZL,New Zealand,2017,66.6666666666667,1,1,1,1,1,0,0,0,1,0,1,1,100,1,1,1,1,1,1,1,1,75,0,1,1,0,0,1,1,1,1,1,1,1,85.7142857142857,1,1,1,1,1,0,1,81.8452380952381
OMN,Oman,2017,37.5,1,0.5,0.5,0,1,0,0,0,1,0.5,0,0,32.5,1,1,0,0.3,0,0,0.3,0,91.6666666666667,0,1,1,1,1,1,1,1,1,1,1,1,42.8571428571429,0,0,1,1,0,0,1,51.1309523809524
PAK,Pakistan,2017,29.1666666666667,0.5,0,1,0.5,0,0,0,0,1,0.5,0,0,70,1,1,0,1,0,1,1,0.6,100,1,1,1,1,1,1,1,1,1,1,1,1,28.5714285714286,0,1,0,0,1,0,0,56.9345238095238
PAN,Panama,2017,25,0.5,0.5,0.5,0,0,0,0,0,1,0.5,0,0,57.5,1,1,0,1,0,1,0.3,0.3,91.6666666666667,1,1,1,1,0,1,1,1,1,1,1,1,42.8571428571429,1,0,0,1,1,0,0,54.2559523809524
PER,Peru,2017,33.3333333333333,0.5,0.5,1,0.5,0,0,0.5,0,0,1,0,0,73.75,1,1,0,1,0.6,1,1,0.3,100,1,1,1,1,1,1,1,1,1,1,1,1,57.1428571428571,1,1,1,1,0,0,0,66.0565476190476
PHL,Philippines,2017,41.6666666666667,0.5,0,0.5,0,1,0,0,0,1,1,1,0,95,1,1,1,1,1,1,0.6,1,100,1,1,1,1,1,1,1,1,1,1,1,1,71.4285714285714,1,1,1,1,1,0,0,77.0238095238095
PLW,Palau,2017,25,0.5,0,0,0.5,0,0,0,0.5,0,0.5,1,0,28.75,1,1,0,0.3,0,0,0,0,83.3333333333333,0,1,1,1,1,1,1,1,1,1,1,0,0,0,0,0,0,0,0,0,34.2708333333333
PNG,Papua New Guinea,2017,16.6666666666667,0.5,0,0,0,0,0,0,0,1,0.5,0,0,36.25,1,1,0,0.6,0,0,0,0.3,58.3333333333333,0,1,1,1,0,1,0,1,0,1,1,0,0,0,0,0,0,0,0,0,27.8125
POL,Poland,2017,91.6666666666667,1,1,1,1,1,0,1,1,1,1,1,1,70,1,1,0,1,1,1,0,0.6,91.6666666666667,1,1,1,1,0,1,1,1,1,1,1,1,71.4285714285714,1,0,1,1,1,0,1,81.1904761904762
PRT,Portugal,2017,91.6666666666667,1,1,1,1,1,0,1,1,1,1,1,1,100,1,1,1,1,1,1,1,1,75,0,1,1,0,0,1,1,1,1,1,1,1,100,1,1,1,1,1,1,1,91.6666666666667
PRY,Paraguay,2017,37.5,0.5,0,0.5,0,1,0,1,0,1,0.5,0,0,61.25,1,1,0,1,0,1,0.6,0.3,91.6666666666667,1,1,1,0,1,1,1,1,1,1,1,1,14.2857142857143,0,1,0,0,0,0,0,51.1755952380952
PSE,West Bank and Gaza,2017,54.1666666666667,0,0,1,0.5,1,0,1,0,1,1,0,1,77.5,1,1,1,1,0.6,1,0.3,0.3,83.3333333333333,1,1,0,1,1,1,1,1,1,1,1,0,28.5714285714286,1,0,0,0,1,0,0,60.8928571428571
QAT,Qatar,2017,33.3333333333333,0.5,0.5,0.5,0,0,0,0,0,1,0.5,1,0,48.75,1,1,0,0.6,0,1,0.3,0,83.3333333333333,0,1,1,1,1,1,1,1,1,1,1,0,42.8571428571429,1,0,0,1,1,0,0,52.0684523809524
ROU,Romania,2017,66.6666666666667,0.5,0,1,1,0,1,1,0.5,1,1,1,0,70,1,1,0,1,1,1,0,0.6,91.6666666666667,1,1,1,1,0,1,1,1,1,1,1,1,85.7142857142857,1,1,1,1,1,1,0,78.5119047619048
RUS,Russian Federation,2017,83.3333333333333,0.5,0.5,1,1,1,0,1,1,1,1,1,1,57.5,1,1,0,1,0,1,0,0.6,91.6666666666667,1,1,1,1,0,1,1,1,1,1,1,1,42.8571428571429,1,1,0,0,1,0,0,68.8392857142857
RWA,Rwanda,2017,45.8333333333333,1,0.5,1,0.5,1,0,0,0,1,0.5,0,0,86.25,1,1,1,1,1,0.6,1,0.3,100,1,1,1,1,1,1,1,1,1,1,1,1,71.4285714285714,1,1,1,0,1,1,0,75.8779761904762
SAU,Saudi Arabia,2017,29.1666666666667,1,0.5,0.5,0,1,0,0,0,0,0.5,0,0,70,1,1,1,0.6,0,1,0,1,83.3333333333333,0,1,1,1,0,1,1,1,1,1,1,1,71.4285714285714,1,0,1,1,1,0,1,63.4821428571429
SDN,Sudan,2017,16.6666666666667,0,0,0,0.5,0,0,0,0,1,0.5,0,0,52.5,1,1,0,1,0,0.3,0.3,0.6,66.6666666666667,0,1,1,1,0,1,0,0,1,1,1,1,0,0,0,0,0,0,0,0,33.9583333333333
SEN,Senegal,2017,41.6666666666667,0.5,0,0.5,0.5,1,0,0,0.5,1,1,0,0,56.25,1,1,0,0.3,0.6,0,1,0.6,83.3333333333333,0,1,1,1,0,1,1,1,1,1,1,1,71.4285714285714,1,1,1,1,1,0,0,63.1696428571429
SGP,Singapore,2017,62.5,1,0.5,1,0.5,1,0,0.5,1,0,1,1,0,57.5,1,1,0,1,0,1,0,0.6,83.3333333333333,0,1,1,1,1,1,1,1,1,1,1,0,71.4285714285714,1,0,1,1,1,0,1,68.6904761904762
SLB,Solomon Islands,2017,20.8333333333333,0.5,0,0.5,0,0,0,0,0,1,0.5,0,0,36.25,1,1,0,0.3,0,0,0.3,0.3,58.3333333333333,0,1,1,1,0,1,0,0,0,1,1,1,14.2857142857143,0,0,0,1,0,0,0,32.4255952380952
SLE,Sierra Leone,2017,20.8333333333333,0.5,0,0.5,0,0,0,0,0,1,0.5,0,0,48.75,1,1,0,0.3,0,0.3,1,0.3,83.3333333333333,0,1,1,1,0,1,1,1,1,1,1,1,14.2857142857143,0,1,0,0,0,0,0,41.8005952380952
SLV,El Salvador,2017,50,0,0,1,0,1,0,1,0,1,1,1,0,48.75,1,1,0,1,0,0,0.3,0.6,100,1,1,1,1,1,1,1,1,1,1,1,1,28.5714285714286,0,1,0,0,1,0,0,56.8303571428571
SMR,San Marino,2017,58.3333333333333,0.5,0,0.5,1,0,1,1,0.5,1,0.5,1,0,25,1,1,0,0,0,0,0,0,41.6666666666667,0,1,1,0,0,1,1,0,0,1,0,0,0,0,0,0,0,0,0,0,31.25
SOM,Somalia,2017,0,0,0,0,0,0,0,0,0,0,0,0,0,3.75,0,0,0,0.3,0,0,0,0,25,0,1,1,0,0,1,0,0,0,0,0,0,0,0,0,0,0,0,0,0,7.1875
SRB,Serbia,2017,75,0.5,1,1,0.5,1,1,0.5,0,1,0.5,1,1,65,1,1,0,1,0,1,0.6,0.6,100,1,1,1,1,1,1,1,1,1,1,1,1,85.7142857142857,1,1,1,1,1,1,0,81.4285714285714
SSD,South Sudan,2017,20.8333333333333,0.5,0.5,0,0.5,0,0,0,0,1,0,0,0,36.25,1,1,0,0.3,0,0,0.3,0.3,66.6666666666667,1,1,1,0,0,1,0,1,1,1,1,0,0,0,0,0,0,0,0,0,30.9375
STP,São Tomé and Principe,2017,33.3333333333333,0.5,0.5,0.5,0,1,0,0,0,1,0.5,0,0,36.25,1,1,0,0.3,0,0,0.6,0,NA,NA,NA,NA,NA,NA,NA,NA,NA,NA,NA,NA,NA,14.2857142857143,0,1,0,0,0,0,0,NA
SUR,Suriname,2017,50,0.5,0.5,0.5,0.5,1,0,0,0.5,1,0.5,1,0,43.75,1,1,0,0.6,0,0.3,0.3,0.3,75,0,1,1,1,0,1,1,1,0,1,1,1,28.5714285714286,0,0,0,1,1,0,0,49.3303571428571
SVK,Slovak Republic,2017,100,1,1,1,1,1,1,1,1,1,1,1,1,100,1,1,1,1,1,1,1,1,83.3333333333333,0,1,1,1,0,1,1,1,1,1,1,1,71.4285714285714,1,1,1,1,1,0,0,88.6904761904762
SVN,Slovenia,2017,83.3333333333333,1,1,1,1,1,0,1,0,1,1,1,1,100,1,1,1,1,1,1,1,1,100,1,1,1,1,1,1,1,1,1,1,1,1,100,1,1,1,1,1,1,1,95.8333333333333
SWE,Sweden,2017,91.6666666666667,1,1,1,1,1,0,1,1,1,1,1,1,100,1,1,1,1,1,1,1,1,83.3333333333333,0,1,1,1,0,1,1,1,1,1,1,1,71.4285714285714,1,1,1,1,1,0,0,86.6071428571429
SWZ,Swaziland,2017,33.3333333333333,0.5,0.5,1,0,0,0,0,0.5,1,0.5,0,0,40,1,1,0,0.6,0,0,0.6,0,NA,NA,NA,NA,NA,NA,NA,NA,NA,NA,NA,NA,NA,NA,NA,NA,NA,NA,NA,NA,NA,NA
SYC,Seychelles,2017,58.3333333333333,0.5,0,1,0.5,1,0,0.5,0.5,1,1,1,0,32.5,1,1,0,0.6,0,0,0,0,75,0,1,1,1,0,1,1,1,1,1,1,0,42.8571428571429,1,0,0,1,1,0,0,52.1726190476191
SYR,Syrian Arab Republic,2017,25,0,0,0.5,0,1,0,0,0,1,0.5,0,0,27.5,0.5,0.5,0,0.6,0,0.3,0,0.3,25,0,1,1,0,0,1,0,0,0,0,0,0,0,0,0,0,0,0,0,0,19.375
TCD,Chad,2017,16.6666666666667,0.5,0,0,0,0,0,0,0,1,0.5,0,0,45,1,1,0,0.3,0,0,1,0.3,75,0,1,1,1,1,1,0,1,1,1,0,1,0,0,0,0,0,0,0,0,34.1666666666667
TGO,Togo,2017,33.3333333333333,0,0,1,0.5,1,0,0,0,1,0.5,0,0,52.5,1,1,0,0.6,0,0,1,0.6,100,1,1,1,1,1,1,1,1,1,1,1,1,28.5714285714286,0,1,1,0,0,0,0,53.6011904761905
THA,Thailand,2017,66.6666666666667,0.5,0,1,0.5,1,1,1,1,1,1,0,0,78.75,1,1,1,1,0,1,1,0.3,91.6666666666667,1,1,1,0,1,1,1,1,1,1,1,1,85.7142857142857,1,1,1,1,1,0,1,80.6994047619048
TJK,Tajikistan,2017,45.8333333333333,0.5,1,0,1,1,0,0,0.5,1,0.5,0,0,56.25,1,1,0,1,0,0.6,0.3,0.6,91.6666666666667,1,1,1,1,1,1,1,1,1,1,1,0,28.5714285714286,0,0,0,1,1,0,0,55.5803571428571
TKM,Turkmenistan,2017,4.16666666666667,0.5,0,0,0,0,0,0,0,0,0,0,0,28.75,1,1,0,0,0,0,0.3,0,50,0,1,1,0,1,1,0,0,0,1,0,1,14.2857142857143,0,0,0,0,1,0,0,24.3005952380952
TLS,Timor-Leste,2017,50,1,0.5,1,0.5,1,0,0.5,0,1,0.5,0,0,75,1,1,0,1,0,1,1,1,91.6666666666667,1,1,1,1,0,1,1,1,1,1,1,1,14.2857142857143,0,0,0,0,1,0,0,57.7380952380952
TON,Tonga,2017,33.3333333333333,0.5,0.5,0,0.5,0,0,1,0,1,0.5,0,0,36.25,1,1,0,0.6,0,0,0,0.3,50,0,1,1,0,0,1,0,1,0,1,1,0,0,0,0,0,0,0,0,0,29.8958333333333
TTO,Trinidad and Tobago,2017,37.5,0.5,0,0.5,0,1,0,0,0,1,0.5,1,0,36.25,1,1,0,0.3,0,0,0.3,0.3,66.6666666666667,0,1,1,0,0,1,1,1,0,1,1,1,14.2857142857143,0,0,0,0,1,0,0,38.6755952380952
TUN,Tunisia,2017,25,0.5,0.5,1,0,0,0,0,0,0,1,0,0,56.25,1,1,0,0.6,0,1,0.6,0.3,100,1,1,1,1,1,1,1,1,1,1,1,1,57.1428571428571,0,1,1,1,1,0,0,59.5982142857143
TUR,Turkey,2017,87.5,0.5,0,1,1,1,1,1,1,1,1,1,1,67.5,1,0.5,0,1,0.3,1,0.6,1,100,1,1,1,1,1,1,1,1,1,1,1,1,71.4285714285714,1,1,1,1,1,0,0,81.6071428571429
TUV,Tuvalu,2017,8.33333333333333,0,0,0,0.5,0,0,0,0,0,0.5,0,0,28.75,1,1,0,0.3,0,0,0,0,50,0,1,1,1,0,1,1,0,0,1,0,0,0,0,0,0,0,0,0,0,21.7708333333333
TZA,Tanzania,2017,50,1,0.5,0.5,0.5,1,1,0,0,1,0.5,0,0,72.5,1,1,0,0.6,0.6,0.6,1,1,91.6666666666667,0,1,1,1,1,1,1,1,1,1,1,1,28.5714285714286,0,1,0,0,1,0,0,60.6845238095238
UGA,Uganda,2017,54.1666666666667,1,0.5,0,0,1,1,1,0.5,1,0.5,0,0,73.75,1,1,0,1,0.3,1,0.6,1,83.3333333333333,1,1,1,1,0,1,0,1,1,1,1,1,28.5714285714286,0,1,0,0,1,0,0,59.9553571428571
UKR,Ukraine,2017,83.3333333333333,0.5,1,1,1,1,1,0.5,0,1,1,1,1,52.5,0.5,0.5,0,1,0,1,0.6,0.6,91.6666666666667,1,1,1,1,0,1,1,1,1,1,1,1,42.8571428571429,1,0,0,1,1,0,0,67.5892857142857
URY,Uruguay,2017,37.5,0.5,0,0.5,0,0,0,0.5,0,1,1,1,0,78.75,1,1,1,1,0,1,0.3,1,100,1,1,1,1,1,1,1,1,1,1,1,1,71.4285714285714,1,1,1,1,1,0,0,71.9196428571429
USA,United States,2017,79.1666666666667,1,1,1,1,0,1,1,0.5,1,1,1,0,100,1,1,1,1,1,1,1,1,75,0,1,1,0,0,1,1,1,1,1,1,1,85.7142857142857,1,1,1,1,1,0,1,84.9702380952381
UZB,Uzbekistan,2017,66.6666666666667,0.5,1,1,0.5,1,0,0.5,1,1,0.5,1,0,15,0,0,0,0.6,0,0,0,0.6,91.6666666666667,0,1,1,1,1,1,1,1,1,1,1,1,28.5714285714286,0,0,0,1,1,0,0,50.4761904761905
VCT,St. Vincent and the Grenadines,2017,41.6666666666667,0.5,0,0.5,0.5,1,0,0,0,1,0.5,1,0,28.75,1,1,0,0,0,0,0,0.3,75,0,1,1,1,0,1,0,1,1,1,1,1,14.2857142857143,0,0,0,1,0,0,0,39.9255952380952
VEN,"Venezuela, RB",2017,25,0.5,0,0,0,1,0,0,0,1,0.5,0,0,36.25,1,1,0,0,0,0.3,0,0.6,91.6666666666667,1,1,1,1,1,1,0,1,1,1,1,1,42.8571428571429,0,1,0,1,1,0,0,48.9434523809524
VNM,Vietnam,2017,41.6666666666667,0.5,0.5,1,0.5,1,0,0,0,0,0.5,1,0,87.5,1,1,1,1,0,1,1,1,91.6666666666667,1,1,1,1,0,1,1,1,1,1,1,1,57.1428571428571,0,1,1,1,1,0,0,69.4940476190476
VUT,Vanuatu,2017,16.6666666666667,0.5,0,0,0,0,0,0,0,1,0.5,0,0,40,1,1,0,0.3,0,0,0.6,0.3,75,0,1,1,0,1,1,0,1,1,1,1,1,28.5714285714286,0,1,0,0,0,0,1,40.0595238095238
WSM,Samoa,2017,41.6666666666667,0.5,0.5,0.5,0.5,1,0,0,0.5,1,0.5,0,0,43.75,1,1,0,0.6,0,0.3,0.3,0.3,75,0,1,1,1,0,1,1,1,0,1,1,1,42.8571428571429,1,1,0,0,1,0,0,50.8184523809524
XKX,Kosovo,2017,50,0.5,0.5,1,0.5,1,0,0,1,1,0.5,0,0,70,1,1,0,1,0.3,1,0.3,1,50,1,0,0,0,0,0,1,1,1,1,1,0,42.8571428571429,1,0,1,1,0,0,0,53.2142857142857
YEM,"Yemen, Rep.",2017,25,0.5,0,0.5,0.5,1,0,0,0,0,0.5,0,0,31.25,0.5,0.5,0,0.3,0,0.3,0.3,0.6,83.3333333333333,1,1,1,1,0,1,1,1,0,1,1,1,0,0,0,0,0,0,0,0,34.8958333333333
ZAF,South Africa,2017,62.5,1,0.5,0.5,0.5,1,0,0.5,0.5,1,1,0,1,57.5,1,1,0,1,0,1,0.3,0.3,100,1,1,1,1,1,1,1,1,1,1,1,1,71.4285714285714,1,1,0,1,1,0,1,72.8571428571429
ZMB,Zambia,2017,37.5,1,0.5,0.5,0,1,0,0,0,1,0.5,0,0,82.5,1,1,0,0.6,1,1,1,1,75,1,1,1,0,0,1,0,1,1,1,1,1,42.8571428571429,0,1,1,1,0,0,0,59.4642857142857
ZWE,Zimbabwe,2017,33.3333333333333,0.5,0.5,0.5,0.5,1,0,0,0.5,0,0.5,0,0,65,1,1,0,0.6,0.3,1,1,0.3,83.3333333333333,0,1,1,0,1,1,1,1,1,1,1,1,0,0,0,0,0,0,0,0,45.4166666666667
AFG,Afghanistan,2018,33.3333333333333,0.5,0,0,0,1,0,0.5,0.5,1,0.5,0,0,37.5,0,0,0,1,0,0,1,1,91.6666666666667,1,1,1,1,0,1,1,1,1,1,1,1,42.8571428571429,0,1,0,1,0,1,0,51.3392857142857
AGO,Angola,2018,37.5,0.5,0,1,0.5,1,0,0,0,1,0.5,0,0,50,1,1,0.5,0.6,0,0,0.6,0.3,66.6666666666667,0,1,1,0,0,1,0,1,1,1,1,1,42.8571428571429,0,1,1,1,0,0,0,49.2559523809524
ALB,Albania,2018,83.3333333333333,1,1,1,0.5,1,0,1,1,1,0.5,1,1,70,1,1,0,1,0,1,0.6,1,83.3333333333333,0,1,1,1,0,1,1,1,1,1,1,1,100,1,1,1,1,1,1,1,84.1666666666667
ARE,United Arab Emirates,2018,58.3333333333333,0.5,0.5,1,0.5,1,0,1,1,1,0.5,0,0,32.5,1,1,0,0.6,0,0,0,0,83.3333333333333,0,1,1,1,1,1,1,1,1,1,0,1,42.8571428571429,0,0,1,1,1,0,0,54.2559523809524
ARG,Argentina,2018,45.8333333333333,1,0,0.5,0,1,0,1,0,0,1,1,0,61.25,1,1,0,1,0,1,0.3,0.6,100,1,1,1,1,1,1,1,1,1,1,1,1,71.4285714285714,1,1,0,1,1,0,1,69.6279761904762
ARM,Armenia,2018,87.5,1,1,1,0.5,1,1,0.5,0.5,1,1,1,1,68.75,1,1,0,1,0.3,1,0.6,0.6,100,1,1,1,1,1,1,1,1,1,1,1,1,100,1,1,1,1,1,1,1,89.0625
ATG,Antigua and Barbuda,2018,29.1666666666667,0.5,0,0.5,0,0,0,0,0,1,0.5,1,0,28.75,1,1,0,0,0,0,0,0.3,66.6666666666667,0,1,1,1,1,1,0,1,0,1,1,0,0,0,0,0,0,0,0,0,31.1458333333333
AUS,Australia,2018,100,1,1,1,1,1,1,1,1,1,1,1,1,100,1,1,1,1,1,1,1,1,75,0,1,1,0,0,1,1,1,1,1,1,1,100,1,1,1,1,1,1,1,93.75
AUT,Austria,2018,91.6666666666667,1,1,1,1,1,0,1,1,1,1,1,1,100,1,1,1,1,1,1,1,1,83.3333333333333,0,1,1,1,0,1,1,1,1,1,1,1,100,1,1,1,1,1,1,1,93.75
AZE,Azerbaijan,2018,79.1666666666667,0.5,1,1,1,1,1,0.5,0,1,0.5,1,1,47.5,1,1,0,0.6,0,0.6,0,0.6,91.6666666666667,0,1,1,1,1,1,1,1,1,1,1,1,100,1,1,1,1,1,1,1,79.5833333333333
BDI,Burundi,2018,41.6666666666667,0.5,0,0.5,0.5,1,0,0,0,1,0.5,1,0,61.25,1,1,0,1,0.6,0,1,0.3,75,0,1,1,1,1,1,0,1,1,1,1,0,57.1428571428571,1,1,1,0,1,0,0,58.764880952381
BEL,Belgium,2018,87.5,1,1,1,0.5,1,0,1,1,1,1,1,1,100,1,1,1,1,1,1,1,1,75,0,1,1,0,0,1,1,1,1,1,1,1,85.7142857142857,1,1,1,1,1,1,0,87.0535714285714
BEN,Benin,2018,29.1666666666667,0.5,0,0.5,0.5,0,0,0,0.5,1,0.5,0,0,72.5,1,1,1,1,0,0.6,0.6,0.6,83.3333333333333,1,1,1,1,0,1,0,1,1,1,1,1,71.4285714285714,1,1,1,1,1,0,0,64.1071428571429
BFA,Burkina Faso,2018,33.3333333333333,0.5,0,0.5,0.5,1,0,0,0,1,0.5,0,0,52.5,1,1,0,1,0.3,0,0.6,0.3,75,0,1,1,1,0,1,0,1,1,1,1,1,57.1428571428571,0,1,1,1,1,0,0,54.4940476190476
BGD,Bangladesh,2018,25,0.5,0,1,0,0,0,0,0,1,0.5,0,0,66.25,1,1,0,1,0,1,1,0.3,91.6666666666667,1,1,1,0,1,1,1,1,1,1,1,1,42.8571428571429,0,1,0,1,1,0,0,56.4434523809524
BGR,Bulgaria,2018,91.6666666666667,1,1,1,1,1,1,1,1,1,1,1,0,70,1,1,0,1,1,1,0,0.6,91.6666666666667,1,1,1,1,0,1,1,1,1,1,1,1,100,1,1,1,1,1,1,1,88.3333333333333
BHR,Bahrain,2018,37.5,0.5,0.5,0.5,0,1,0,0,0.5,0,0.5,1,0,25,1,1,0,0,0,0,0,0,75,0,1,1,1,1,1,0,1,1,1,1,0,57.1428571428571,0,1,1,1,1,0,0,48.6607142857143
BHS,"Bahamas, The",2018,37.5,1,0.5,1,0,0,0,0.5,1,0,0.5,0,0,45,1,1,0,0.3,0,1,0,0.3,75,0,1,1,1,0,1,1,1,1,1,1,0,57.1428571428571,0,1,1,1,1,0,0,53.6607142857143
BIH,Bosnia and Herzegovina,2018,62.5,0.5,1,1,0,1,0,1,0.5,1,0.5,1,0,60,1,1,0,0.6,0,1,0.6,0.6,83.3333333333333,1,1,1,0,0,1,1,1,1,1,1,1,71.4285714285714,1,1,1,0,1,1,0,69.3154761904762
BLR,Belarus,2018,83.3333333333333,1,1,1,1,1,0,0.5,0.5,1,1,1,1,56.25,1,1,0,1,0,0.6,0.3,0.6,91.6666666666667,1,1,1,1,0,1,1,1,1,1,1,1,85.7142857142857,1,1,1,1,1,1,0,79.2410714285714
BLZ,Belize,2018,29.1666666666667,0.5,0,0.5,0,1,0,0,0,1,0.5,0,0,60,1,1,0,0.6,0,1,0.6,0.6,83.3333333333333,0,1,1,1,0,1,1,1,1,1,1,1,85.7142857142857,1,1,1,1,1,0,1,64.5535714285714
BOL,Bolivia,2018,16.6666666666667,0,0,0.5,0,0,0,0,0,1,0.5,0,0,67.5,1,1,0,1,0.6,0.6,0.6,0.6,100,1,1,1,1,1,1,1,1,1,1,1,1,57.1428571428571,0,1,1,1,0,0,1,60.3273809523809
BRA,Brazil,2018,70.8333333333333,1,1,1,0.5,1,0,1,0,1,1,1,0,66.25,1,1,0,1,1,1,0,0.3,83.3333333333333,0,1,1,0,1,1,1,1,1,1,1,1,85.7142857142857,1,1,1,1,1,0,1,76.5327380952381
BRB,Barbados,2018,33.3333333333333,0.5,0,0.5,0,0,0,0,0.5,1,0.5,1,0,32.5,1,1,0,0,0,0,0.3,0.3,58.3333333333333,0,1,1,0,0,1,1,0,1,1,0,1,0,0,0,0,0,0,0,0,31.0416666666667
BRN,Brunei Darussalam,2018,45.8333333333333,1,0.5,0.5,0,1,0,0,0,1,0.5,1,0,36.25,1,1,0,0.3,0,0.6,0,0,83.3333333333333,0,1,1,1,0,1,1,1,1,1,1,1,57.1428571428571,1,0,1,1,1,0,0,55.6398809523809
BTN,Bhutan,2018,20.8333333333333,0.5,0,0,0,0,0,0.5,0,1,0.5,0,0,52.5,1,1,0,0.6,0,1,0.3,0.3,91.6666666666667,1,1,1,1,1,1,1,1,1,1,1,0,42.8571428571429,0,1,1,1,0,0,0,51.9642857142857
BWA,Botswana,2018,33.3333333333333,0.5,0,1,0,1,0,0,0,1,0.5,0,0,36.25,1,1,0,0.6,0,0,0,0.3,66.6666666666667,0,1,1,0,0,1,0,1,1,1,1,1,85.7142857142857,1,1,1,1,1,0,1,55.4910714285714
CAF,Central African Republic,2018,16.6666666666667,0,0,0.5,0,0,0,0,0,1,0.5,0,0,23.75,0.5,0.5,0,0.3,0,0,0.3,0.3,66.6666666666667,0,1,1,1,0,1,0,1,1,1,0,1,14.2857142857143,0,0,1,0,0,0,0,30.3422619047619
CAN,Canada,2018,91.6666666666667,1,1,1,0.5,1,1,1,0.5,1,1,1,1,100,1,1,1,1,1,1,1,1,75,0,1,1,0,0,1,1,1,1,1,1,1,100,1,1,1,1,1,1,1,91.6666666666667
CHE,Switzerland,2018,75,1,1,1,1,1,0,1,1,0,1,1,0,100,1,1,1,1,1,1,1,1,83.3333333333333,0,1,1,1,0,1,1,1,1,1,1,1,85.7142857142857,1,1,1,1,1,0,1,86.0119047619048
CHL,Chile,2018,70.8333333333333,1,1,0.5,0.5,1,0,0,0.5,1,1,1,1,75,1,1,0,1,1,1,0,1,100,1,1,1,1,1,1,1,1,1,1,1,1,100,1,1,1,1,1,1,1,86.4583333333333
CHN,China,2018,54.1666666666667,1,0.5,1,1,1,0,0.5,0.5,0,1,0,0,42.5,1,0.5,0,1,0,0.6,0,0.3,83.3333333333333,1,1,1,0,0,1,1,1,1,1,1,1,71.4285714285714,1,0,1,1,1,0,1,62.8571428571429
CIV,Côte d'Ivoire,2018,29.1666666666667,0.5,0.5,0.5,0.5,0,0,0,0,1,0.5,0,0,60,1,1,0,0.6,0.3,0.3,1,0.6,NA,NA,NA,NA,NA,NA,NA,NA,NA,NA,NA,NA,NA,57.1428571428571,0,1,1,1,1,0,0,NA
CMR,Cameroon,2018,33.3333333333333,0.5,0,1,0,1,0,0,0,1,0.5,0,0,41.25,1,0.5,0,0.3,0,0.3,0.6,0.6,75,0,1,1,1,0,1,0,1,1,1,1,1,28.5714285714286,0,1,0,1,0,0,0,44.5386904761905
COD,"Congo, Dem. Rep.",2018,20.8333333333333,0.5,0,0.5,0,0,0,0,0,1,0.5,0,0,36.25,1,0,0,0.3,0,0,1,0.6,75,0,1,1,1,1,1,0,1,1,1,1,0,14.2857142857143,0,1,0,0,0,0,0,36.5922619047619
COG,"Congo, Rep.",2018,20.8333333333333,0,0,0,0,1,0,0,0,1,0.5,0,0,45,1,1,0,0.3,0,0,1,0.3,66.6666666666667,0,1,1,0,0,1,0,1,1,1,1,1,14.2857142857143,0,0,0,0,1,0,0,36.6964285714286
COL,Colombia,2018,45.8333333333333,0.5,0,1,0,0,0,1,0,1,1,0,1,87.5,1,1,0,1,1,1,1,1,100,1,1,1,1,1,1,1,1,1,1,1,1,100,1,1,1,1,1,1,1,83.3333333333333
COM,Comoros,2018,25,0.5,0,0,0,1,0,0,0,1,0.5,0,0,30,1,0.5,0,0.3,0,0.3,0.3,0,58.3333333333333,0,1,1,1,0,1,0,0,1,1,1,0,28.5714285714286,0,0,1,1,0,0,0,35.4761904761905
CPV,Cabo Verde,2018,29.1666666666667,0.5,0,0,0,0,0,0.5,0,1,0.5,1,0,45,1,1,0,0.3,0,1,0,0.3,100,1,1,1,1,1,1,1,1,1,1,1,1,85.7142857142857,1,1,1,1,1,0,1,64.9702380952381
CRI,Costa Rica,2018,70.8333333333333,1,1,1,0.5,1,0,1,0,1,1,1,0,66.25,1,1,0,1,0,1,0.3,1,91.6666666666667,1,1,1,1,0,1,1,1,1,1,1,1,100,1,1,1,1,1,1,1,82.1875
CYP,Cyprus,2018,87.5,1,1,1,0.5,1,0,1,1,1,1,1,1,100,1,1,1,1,1,1,1,1,83.3333333333333,0,1,1,1,0,1,1,1,1,1,1,1,71.4285714285714,1,1,0,1,1,1,0,85.5654761904762
CZE,Czech Republic,2018,87.5,1,1,1,0.5,1,0,1,1,1,1,1,1,100,1,1,1,1,1,1,1,1,83.3333333333333,0,1,1,1,0,1,1,1,1,1,1,1,100,1,1,1,1,1,1,1,92.7083333333333
DEU,Germany,2018,87.5,1,1,1,0.5,1,0,1,1,1,1,1,1,100,1,1,1,1,1,1,1,1,83.3333333333333,0,1,1,1,0,1,1,1,1,1,1,1,100,1,1,1,1,1,1,1,92.7083333333333
DJI,Djibouti,2018,20.8333333333333,0.5,0,0,0,0,0,0,0.5,1,0.5,0,0,41.25,1,1,0,1,0,0,0,0.3,83.3333333333333,1,1,1,1,0,1,0,1,1,1,1,1,28.5714285714286,0,1,0,1,0,0,0,43.4970238095238
DMA,Dominica,2018,41.6666666666667,0.5,0,0.5,0.5,1,0,0,0,1,0.5,1,0,32.5,1,1,0,0.3,0,0,0,0.3,66.6666666666667,0,1,1,1,0,1,0,1,0,1,1,1,0,0,0,0,0,0,0,0,35.2083333333333
DNK,Denmark,2018,83.3333333333333,1,1,1,1,1,0,1,1,1,1,1,0,100,1,1,1,1,1,1,1,1,83.3333333333333,0,1,1,1,0,1,1,1,1,1,1,1,71.4285714285714,1,1,1,1,1,0,0,84.5238095238095
DOM,Dominican Republic,2018,45.8333333333333,1,0,1,0,1,0,1,0,1,0.5,0,0,65,1,1,0,1,0,1,0.6,0.6,100,1,1,1,1,1,1,1,1,1,1,1,1,71.4285714285714,0,1,1,1,1,0,1,70.5654761904762
DZA,Algeria,2018,29.1666666666667,0.5,0,0.5,0,1,0,0,0,1,0.5,0,0,48.75,1,1,1,0.3,0,0.3,0.3,0,83.3333333333333,0,1,1,1,0,1,1,1,1,1,1,1,57.1428571428571,0,1,1,1,1,0,0,54.5982142857143
ECU,Ecuador,2018,45.8333333333333,1,0,1,0,1,0,0,0.5,1,1,0,0,56.25,1,0.5,0,1,0,1,0,1,100,1,1,1,1,1,1,1,1,1,1,1,1,85.7142857142857,1,1,1,1,1,0,1,71.9494047619048
EGY,"Egypt, Arab Rep.",2018,66.6666666666667,0.5,0.5,1,0.5,1,0,0,0.5,1,1,1,1,65,1,1,0,1,0,1,0.6,0.6,100,1,1,1,1,1,1,1,1,1,1,1,1,85.7142857142857,1,1,1,1,1,0,1,79.3452380952381
ERI,Eritrea,2018,8.33333333333333,0,0,0,0,0,0,0,0,1,0,0,0,3.75,0,0,0,0,0,0,0,0.3,33.3333333333333,0,1,1,1,0,1,0,0,0,0,0,0,0,0,0,0,0,0,0,0,11.3541666666667
ESP,Spain,2018,87.5,1,1,1,0.5,1,0,1,1,1,1,1,1,100,1,1,1,1,1,1,1,1,91.6666666666667,0,1,1,1,1,1,1,1,1,1,1,1,85.7142857142857,1,1,1,1,1,1,0,91.2202380952381
EST,Estonia,2018,83.3333333333333,1,1,1,1,1,1,1,0,1,1,1,0,100,1,1,1,1,1,1,1,1,83.3333333333333,0,1,1,1,0,1,1,1,1,1,1,1,100,1,1,1,1,1,1,1,91.6666666666667
ETH,Ethiopia,2018,16.6666666666667,0.5,0.5,0,0,0,0,0,0.5,0,0.5,0,0,81.25,1,0.5,0,1,1,1,1,1,91.6666666666667,1,1,1,1,1,1,0,1,1,1,1,1,57.1428571428571,1,1,1,0,1,0,0,61.6815476190476
FIN,Finland,2018,91.6666666666667,1,1,1,1,1,0,1,1,1,1,1,1,100,1,1,1,1,1,1,1,1,83.3333333333333,0,1,1,1,0,1,1,1,1,1,1,1,100,1,1,1,1,1,1,1,93.75
FJI,Fiji,2018,54.1666666666667,1,0.5,1,0.5,1,0,0,0,1,0.5,1,0,48.75,1,1,0,1,0,0.6,0,0.3,83.3333333333333,0,1,1,1,1,1,1,1,0,1,1,1,71.4285714285714,1,1,0,1,1,0,1,64.4196428571429
FRA,France,2018,91.6666666666667,1,1,1,1,1,0,1,1,1,1,1,1,100,1,1,1,1,1,1,1,1,75,0,1,1,0,0,1,1,1,1,1,1,1,100,1,1,1,1,1,1,1,91.6666666666667
FSM,"Micronesia, Fed. Sts.",2018,16.6666666666667,0.5,0,0,0,1,0,0,0,0,0.5,0,0,32.5,1,1,0,0.3,0,0,0,0.3,41.6666666666667,0,1,1,0,0,1,0,1,0,1,0,0,42.8571428571429,0,0,0,1,1,0,1,33.422619047619
GAB,Gabon,2018,20.8333333333333,0.5,0,0.5,0,0,0,0,0,1,0.5,0,0,33.75,0.5,1,0,0.3,0,0.3,0.3,0.3,75,1,1,1,0,0,1,0,1,1,1,1,1,14.2857142857143,0,0,0,1,0,0,0,35.9672619047619
GBR,United Kingdom,2018,83.3333333333333,1,1,1,1,1,0,1,1,0,1,1,1,100,1,1,1,1,1,1,1,1,83.3333333333333,0,1,1,1,0,1,1,1,1,1,1,1,100,1,1,1,1,1,1,1,91.6666666666667
GEO,Georgia,2018,79.1666666666667,0.5,1,0.5,0.5,1,1,0.5,0.5,1,1,1,1,61.25,1,1,0,1,0.3,1,0,0.6,100,1,1,1,1,1,1,1,1,1,1,1,1,71.4285714285714,1,1,0,1,1,0,1,77.9613095238095
GHA,Ghana,2018,37.5,0.5,0,1,0,1,0,0.5,0,1,0.5,0,0,57.5,1,1,0,1,0,0.3,1,0.3,91.6666666666667,1,1,1,1,0,1,1,1,1,1,1,1,85.7142857142857,1,1,1,1,0,1,1,68.0952380952381
GIN,Guinea,2018,8.33333333333333,0.5,0,0,0,0,0,0,0,0,0.5,0,0,33.75,1,0.5,0,0.3,0,0,0.6,0.3,75,0,1,1,1,0,1,0,1,1,1,1,1,71.4285714285714,0,1,1,1,1,0,1,47.1279761904762
GMB,"Gambia, The",2018,25,0.5,0,0.5,0,0,0,0.5,0,1,0.5,0,0,53.75,1,1,0,1,0,0.3,1,0,91.6666666666667,1,1,1,1,1,1,0,1,1,1,1,1,42.8571428571429,0,1,1,1,0,0,0,53.3184523809524
GNB,Guinea-Bissau,2018,20.8333333333333,0.5,0,0,0.5,0,0,0,0,1,0.5,0,0,36.25,1,1,0,0.3,0,0,0.6,0,66.6666666666667,0,1,1,0,0,1,0,1,1,1,1,1,28.5714285714286,0,1,0,1,0,0,0,38.0803571428571
GNQ,Equatorial Guinea,2018,25,0.5,0,0,0,1,0,0,0,1,0.5,0,0,28.75,1,1,0,0,0,0,0.3,0,58.3333333333333,0,1,1,1,0,1,0,1,1,1,0,0,14.2857142857143,0,1,0,0,0,0,0,31.5922619047619
GRC,Greece,2018,79.1666666666667,1,1,1,0.5,1,0,1,1,1,1,1,0,100,1,1,1,1,1,1,1,1,83.3333333333333,0,1,1,1,0,1,1,1,1,1,1,1,100,1,1,1,1,1,1,1,90.625
GRD,Grenada,2018,33.3333333333333,0.5,0,0.5,0.5,0,0,0,0,1,0.5,1,0,28.75,1,1,0,0.3,0,0,0,0,66.6666666666667,0,1,1,1,0,1,1,1,0,1,1,0,14.2857142857143,0,0,0,1,0,0,0,35.7589285714286
GTM,Guatemala,2018,33.3333333333333,0.5,0,0.5,0.5,0,0,0,0,1,0.5,1,0,55,1,0.5,0,0.6,1,1,0.3,0,83.3333333333333,0,1,1,1,0,1,1,1,1,1,1,1,42.8571428571429,0,1,0,1,1,0,0,53.6309523809524
GUY,Guyana,2018,25,0.5,0,1,0,0,0,0,0,1,0.5,0,0,36.25,1,1,0,0,0,0,0.6,0.3,66.6666666666667,0,1,1,0,0,1,0,1,1,1,1,1,28.5714285714286,0,1,0,1,0,0,0,39.1220238095238
HND,Honduras,2018,37.5,0.5,0,0.5,0,1,0,1,0,1,0.5,0,0,77.5,1,1,0,1,0.6,1,1,0.6,100,1,1,1,1,1,1,1,1,1,1,1,1,71.4285714285714,0,1,1,1,1,1,0,71.6071428571429
HRV,Croatia,2018,83.3333333333333,1,1,1,0.5,1,1,0,0.5,1,1,1,1,75,1,1,0,1,1,1,0,1,91.6666666666667,1,1,1,1,0,1,1,1,1,1,1,1,85.7142857142857,1,0,1,1,1,1,1,83.9285714285714
HTI,Haiti,2018,20.8333333333333,0,0,0,0,1,0,0,0,1,0.5,0,0,45,1,1,0,1,0,0,0.6,0,66.6666666666667,0,1,1,0,1,1,0,0,1,1,1,1,42.8571428571429,0,1,0,1,1,0,0,43.8392857142857
HUN,Hungary,2018,100,1,1,1,1,1,1,1,1,1,1,1,1,100,1,1,1,1,1,1,1,1,83.3333333333333,0,1,1,1,0,1,1,1,1,1,1,1,100,1,1,1,1,1,1,1,95.8333333333333
IDN,Indonesia,2018,54.1666666666667,1,0.5,1,0.5,0,0,0.5,1,1,1,0,0,75,1,1,0,1,0,1,1,1,100,1,1,1,1,1,1,1,1,1,1,1,1,100,1,1,1,1,1,1,1,82.2916666666667
IND,India,2018,50,1,0.5,0.5,0.5,1,0,0.5,1,0,1,0,0,78.75,1,1,1,1,0,1,0.3,1,75,0,1,1,1,0,1,0,1,1,1,1,1,85.7142857142857,1,1,1,1,1,0,1,72.3660714285714
IRL,Ireland,2018,79.1666666666667,1,1,1,0.5,1,0,1,1,1,1,1,0,100,1,1,1,1,1,1,1,1,75,0,1,1,0,0,1,1,1,1,1,1,1,85.7142857142857,1,1,1,1,1,0,1,84.9702380952381
IRN,"Iran, Islamic Rep.",2018,41.6666666666667,0.5,0.5,0.5,0.5,1,0,0.5,0,0,0.5,1,0,50,1,1,0,1,0,1,0,0,83.3333333333333,0,1,1,1,1,1,1,1,1,1,0,1,42.8571428571429,0,1,0,1,1,0,0,54.4642857142857
IRQ,Iraq,2018,29.1666666666667,0,0,0.5,0,1,0,0,0.5,1,0.5,0,0,40,1,1,0,0.6,0,0,0.3,0.3,83.3333333333333,0,1,1,0,1,1,1,1,1,1,1,1,0,0,0,0,0,0,0,0,38.125
ISL,Iceland,2018,91.6666666666667,1,1,0.5,1,1,1,1,0.5,1,1,1,1,100,1,1,1,1,1,1,1,1,75,0,1,1,0,0,1,1,1,1,1,1,1,85.7142857142857,1,1,1,1,1,1,0,88.0952380952381
ISR,Israel,2018,87.5,1,1,1,0.5,1,0,1,1,1,1,1,1,100,1,1,1,1,1,1,1,1,83.3333333333333,0,1,1,1,0,1,1,1,1,1,1,1,71.4285714285714,1,1,1,1,1,0,0,85.5654761904762
ITA,Italy,2018,91.6666666666667,1,1,1,1,1,0,1,1,1,1,1,1,100,1,1,1,1,1,1,1,1,83.3333333333333,0,1,1,1,0,1,1,1,1,1,1,1,85.7142857142857,1,1,1,1,1,0,1,90.1785714285714
JAM,Jamaica,2018,29.1666666666667,0.5,0,0.5,0,1,0,0,0,1,0.5,0,0,52.5,1,1,0,1,0,0.6,0.3,0.3,83.3333333333333,0,1,1,1,0,1,1,1,1,1,1,1,71.4285714285714,1,1,0,1,1,0,1,59.1071428571429
JOR,Jordan,2018,20.8333333333333,0,0,1,0,0,0,0,0.5,0,1,0,0,61.25,1,1,0,1,0,1,0.6,0.3,83.3333333333333,0,1,1,1,0,1,1,1,1,1,1,1,71.4285714285714,1,1,1,1,1,0,0,59.2113095238095
JPN,Japan,2018,75,1,1,1,0.5,1,0,1,0.5,1,1,1,0,100,1,1,1,1,1,1,1,1,75,0,1,1,0,0,1,1,1,1,1,1,1,85.7142857142857,1,1,1,1,1,0,1,83.9285714285714
KAZ,Kazakhstan,2018,75,0.5,1,1,1,1,0,0.5,0,1,1,1,1,63.75,1,0.5,0,1,0,1,1,0.6,91.6666666666667,1,1,1,1,0,1,1,1,1,1,1,1,71.4285714285714,1,1,1,1,1,0,0,75.4613095238095
KEN,Kenya,2018,37.5,1,0.5,0.5,0,0,0,1,0,1,0.5,0,0,65,1,1,0,0.6,0,0.6,1,1,91.6666666666667,1,1,1,1,0,1,1,1,1,1,1,1,57.1428571428571,0,1,1,1,1,0,0,62.827380952381
KGZ,Kyrgyz Republic,2018,87.5,0.5,1,1,1,1,1,0.5,0.5,1,1,1,1,46.25,1,0.5,0,1,0,0,0.6,0.6,91.6666666666667,1,1,1,1,0,1,1,1,1,1,1,1,71.4285714285714,1,1,1,1,1,0,0,74.2113095238095
KHM,Cambodia,2018,37.5,0.5,0,0.5,0,1,0,0,0,1,0.5,0,1,82.5,1,1,1,1,0,0.6,1,1,91.6666666666667,0,1,1,1,1,1,1,1,1,1,1,1,57.1428571428571,0,1,1,1,1,0,0,67.202380952381
KIR,Kiribati,2018,16.6666666666667,0.5,0,0.5,0,0,0,0.5,0,0,0.5,0,0,28.75,1,1,0,0,0,0,0.3,0,75,0,1,1,1,0,1,1,1,0,1,1,1,0,0,0,0,0,0,0,0,30.1041666666667
KNA,St. Kitts and Nevis,2018,29.1666666666667,0.5,0,0.5,0,0,0,0,0,1,0.5,1,0,28.75,1,1,0,0,0,0,0,0.3,50,0,1,1,1,0,0,0,1,0,1,1,0,0,0,0,0,0,0,0,0,26.9791666666667
KOR,"Korea, Rep.",2018,70.8333333333333,1,0.5,1,0.5,1,0,0,0.5,1,1,1,1,100,1,1,1,1,1,1,1,1,83.3333333333333,0,1,1,1,0,1,1,1,1,1,1,1,85.7142857142857,1,1,1,1,1,0,1,84.9702380952381
KWT,Kuwait,2018,37.5,0.5,0.5,0.5,0,0,0,0.5,0,1,0.5,1,0,46.25,1,0.5,0,0.6,0,0.6,0,1,91.6666666666667,0,1,1,1,1,1,1,1,1,1,1,1,42.8571428571429,0,1,0,1,0,0,1,54.5684523809524
LAO,Lao PDR,2018,20.8333333333333,1,0.5,0,0.5,0,0,0,0,0,0.5,0,0,71.25,1,1,0.5,0.6,0,1,0.6,1,91.6666666666667,0,1,1,1,1,1,1,1,1,1,1,1,71.4285714285714,1,1,1,1,0,0,1,63.7946428571429
LBN,Lebanon,2018,29.1666666666667,1,0.5,0,0,0,0,0,0.5,0,0.5,1,0,43.75,1,1,0,0.3,0,0.3,0.3,0.6,66.6666666666667,0,1,1,0,0,1,0,1,1,1,1,1,42.8571428571429,0,1,0,1,1,0,0,45.6101190476191
LBR,Liberia,2018,29.1666666666667,0.5,0,0.5,0,1,0,0.5,0.5,0,0.5,0,0,68.75,1,1,1,1,0,0.6,0.3,0.6,100,1,1,1,1,1,1,1,1,1,1,1,1,28.5714285714286,0,0,1,1,0,0,0,56.6220238095238
LBY,Libya,2018,20.8333333333333,0.5,0,0.5,0,1,0,0,0,0,0.5,0,0,18.75,1,0.5,0,0,0,0,0,0,41.6666666666667,0,1,1,0,0,1,0,0,0,1,1,0,0,0,0,0,0,0,0,0,20.3125
LCA,St. Lucia,2018,33.3333333333333,0.5,0,0.5,0.5,0,0,0,0,1,0.5,1,0,48.75,1,1,0,0.3,0,1,0.3,0.3,83.3333333333333,1,1,1,1,0,1,1,1,1,1,1,0,42.8571428571429,0,1,0,1,1,0,0,52.0684523809524
LKA,Sri Lanka,2018,54.1666666666667,1,0.5,1,0,1,0,0,0,1,1,1,0,68.75,1,1,0.5,1,0,1,0,1,100,1,1,1,1,1,1,1,1,1,1,1,1,85.7142857142857,1,1,1,1,1,0,1,77.1577380952381
LSO,Lesotho,2018,37.5,0.5,0.5,0.5,0,1,0,0,0.5,1,0.5,0,0,78.75,1,1,0,1,1,0.3,1,1,83.3333333333333,1,1,1,1,0,1,0,1,1,1,1,1,71.4285714285714,0,1,1,1,1,0,1,67.7529761904762
LTU,Lithuania,2018,100,1,1,1,1,1,1,1,1,1,1,1,1,100,1,1,1,1,1,1,1,1,83.3333333333333,0,1,1,1,0,1,1,1,1,1,1,1,100,1,1,1,1,1,1,1,95.8333333333333
LUX,Luxembourg,2018,83.3333333333333,1,1,1,1,1,0,1,1,1,1,1,0,100,1,1,1,1,1,1,1,1,83.3333333333333,0,1,1,1,0,1,1,1,1,1,1,1,85.7142857142857,1,1,1,1,1,1,0,88.0952380952381
LVA,Latvia,2018,91.6666666666667,1,1,1,1,1,1,1,0,1,1,1,1,100,1,1,1,1,1,1,1,1,83.3333333333333,0,1,1,1,0,1,1,1,1,1,1,1,85.7142857142857,1,1,1,1,1,0,1,90.1785714285714
MAR,Morocco,2018,45.8333333333333,1,0,0.5,0,1,1,0,0,1,1,0,0,50,1,1,0.5,0.6,0,0,0.3,0.6,83.3333333333333,0,1,1,1,0,1,1,1,1,1,1,1,57.1428571428571,0,1,1,1,1,0,0,59.0773809523809
MDA,Moldova,2018,87.5,0.5,1,1,1,1,1,0.5,0.5,1,1,1,1,52.5,1,1,0,1,0,0.3,0.3,0.6,83.3333333333333,1,1,1,1,0,1,1,1,1,1,1,0,100,1,1,1,1,1,1,1,80.8333333333333
MDG,Madagascar,2018,29.1666666666667,0,0,0,0.5,1,0,0,0.5,1,0.5,0,0,26.25,0,0,0,0.6,0,0.3,0.6,0.6,83.3333333333333,0,1,1,1,0,1,1,1,1,1,1,1,42.8571428571429,0,1,1,1,0,0,0,45.4017857142857
MDV,Maldives,2018,45.8333333333333,0.5,0.5,0,0.5,1,0,0.5,0,1,0.5,1,0,48.75,1,1,0,1,0,0,0.6,0.3,91.6666666666667,1,1,1,1,1,1,1,1,0,1,1,1,28.5714285714286,0,0,1,1,0,0,0,53.7053571428571
MEX,Mexico,2018,79.1666666666667,1,0.5,1,0.5,1,1,0.5,0,1,1,1,1,85,1,0.5,1,1,1,1,0.3,1,100,1,1,1,1,1,1,1,1,1,1,1,1,100,1,1,1,1,1,1,1,91.0416666666667
MHL,Marshall Islands,2018,8.33333333333333,0.5,0,0,0,0,0,0,0,0,0.5,0,0,25,1,1,0,0,0,0,0,0,66.6666666666667,0,1,1,1,0,1,0,1,1,1,1,0,0,0,0,0,0,0,0,0,25
MKD,"Macedonia, FYR",2018,66.6666666666667,0.5,0,1,1,1,0,0.5,0,1,1,1,1,48.75,0.5,0.5,0,1,0,1,0.3,0.6,NA,NA,NA,NA,NA,NA,NA,NA,NA,NA,NA,NA,NA,85.7142857142857,1,1,1,1,1,1,0,NA
MLI,Mali,2018,29.1666666666667,0.5,0,0.5,0,1,0,0,0,1,0.5,0,0,70,1,1,0,1,1,0,1,0.6,83.3333333333333,0,1,1,1,1,1,1,0,1,1,1,1,71.4285714285714,1,1,1,1,1,0,0,63.4821428571429
MLT,Malta,2018,79.1666666666667,1,1,1,0.5,1,0,1,1,1,1,1,0,100,1,1,1,1,1,1,1,1,83.3333333333333,0,1,1,1,0,1,1,1,1,1,1,1,100,1,1,1,1,1,1,1,90.625
MMR,Myanmar,2018,33.3333333333333,0,0.5,0,0.5,0,0,0.5,1,1,0.5,0,0,70,1,1,0,1,0,0.6,1,1,91.6666666666667,1,1,1,0,1,1,1,1,1,1,1,1,57.1428571428571,0,1,1,1,1,0,0,63.0357142857143
MNE,Montenegro,2018,50,1,1,1,0.5,1,0,0,0,0,0.5,1,0,61.25,1,1,0,1,0,1,0.3,0.6,91.6666666666667,1,1,1,1,0,1,1,1,1,1,1,1,71.4285714285714,1,1,0,1,1,1,0,68.5863095238095
MNG,Mongolia,2018,66.6666666666667,1,0.5,0.5,0.5,1,1,0.5,0,1,1,1,0,65,1,1,0,1,0,1,0.6,0.6,91.6666666666667,1,1,1,1,0,1,1,1,1,1,1,1,71.4285714285714,1,1,1,1,0,1,0,73.6904761904762
MOZ,Mozambique,2018,33.3333333333333,0.5,0.5,0.5,0,1,0,0,0,1,0.5,0,0,40,1,1,0,0.6,0,0,0.6,0,91.6666666666667,0,1,1,1,1,1,1,1,1,1,1,1,85.7142857142857,1,1,1,1,1,1,0,62.6785714285714
MRT,Mauritania,2018,25,0.5,0,1,0,1,0,0,0,0,0.5,0,0,51.25,1,1,0,0.6,0,0.6,0.6,0.3,91.6666666666667,0,1,1,1,1,1,1,1,1,1,1,1,57.1428571428571,0,1,1,1,1,0,0,56.264880952381
MUS,Mauritius,2018,75,1,0,1,0.5,1,1,1,0.5,1,1,1,0,66.25,1,1,1,1,0,1,0,0.3,100,1,1,1,1,1,1,1,1,1,1,1,1,71.4285714285714,1,1,1,1,1,0,0,78.1696428571429
MWI,Malawi,2018,20.8333333333333,1,0.5,0.5,0,0,0,0,0,0,0.5,0,0,60,1,0.5,0,1,0,0.3,1,1,91.6666666666667,1,1,1,0,1,1,1,1,1,1,1,1,57.1428571428571,0,1,1,1,1,0,0,57.4107142857143
MYS,Malaysia,2018,58.3333333333333,1,0.5,1,0.5,1,0,0,0,1,1,1,0,66.25,1,1,1,1,0,1,0,0.3,100,1,1,1,1,1,1,1,1,1,1,1,1,100,1,1,1,1,1,1,1,81.1458333333333
NAM,Namibia,2018,29.1666666666667,0.5,0.5,0.5,0.5,0,0,0,0,1,0.5,0,0,61.25,1,1,0,1,0,1,0.3,0.6,83.3333333333333,1,1,1,0,0,1,1,1,1,1,1,1,71.4285714285714,1,1,1,1,0,0,1,61.2946428571429
NER,Niger,2018,29.1666666666667,0.5,0,0.5,0,1,0,0,0,1,0.5,0,0,60,1,1,0,0.6,1,0,0.6,0.6,83.3333333333333,0,1,1,1,0,1,1,1,1,1,1,1,85.7142857142857,1,1,1,1,1,0,1,64.5535714285714
NGA,Nigeria,2018,37.5,1,0.5,1,0.5,0,0,0,0,1,0.5,0,0,47.5,1,0.5,0,0.3,0,0,1,1,75,0,1,1,0,0,1,1,1,1,1,1,1,71.4285714285714,1,1,1,1,1,0,0,57.8571428571429
NIC,Nicaragua,2018,29.1666666666667,0.5,1,0.5,0,0,0,0,0,1,0.5,0,0,60,1,1,0,1,0.3,0.6,0.3,0.6,83.3333333333333,1,1,1,0,1,1,0,1,1,1,1,1,28.5714285714286,0,1,0,0,1,0,0,50.2678571428571
NLD,Netherlands,2018,91.6666666666667,1,1,1,1,1,0,1,1,1,1,1,1,100,1,1,1,1,1,1,1,1,75,0,1,1,0,0,1,1,1,1,1,1,1,85.7142857142857,1,1,1,1,1,0,1,88.0952380952381
NOR,Norway,2018,91.6666666666667,1,1,1,1,1,0,1,1,1,1,1,1,100,1,1,1,1,1,1,1,1,83.3333333333333,0,1,1,1,0,1,1,1,1,1,1,1,100,1,1,1,1,1,1,1,93.75
NPL,Nepal,2018,20.8333333333333,0.5,0,0.5,0,0,0,0,0,1,0.5,0,0,75,1,1,0,1,0,1,1,1,83.3333333333333,0,1,1,1,0,1,1,1,1,1,1,1,42.8571428571429,0,1,0,1,0,1,0,55.5059523809524
NRU,Nauru,2018,12.5,0.5,0,0,0,0,0,0,0,0,0,1,0,28.75,1,1,0,0.3,0,0,0,0,58.3333333333333,0,1,1,1,0,1,0,1,0,1,1,0,0,0,0,0,0,0,0,0,24.8958333333333
NZL,New Zealand,2018,66.6666666666667,1,1,1,1,1,0,0,0,1,0,1,1,100,1,1,1,1,1,1,1,1,75,0,1,1,0,0,1,1,1,1,1,1,1,85.7142857142857,1,1,1,1,1,0,1,81.8452380952381
OMN,Oman,2018,33.3333333333333,0.5,0.5,0.5,0,1,0,0,0,1,0.5,0,0,32.5,1,1,0,0.3,0,0,0.3,0,91.6666666666667,0,1,1,1,1,1,1,1,1,1,1,1,71.4285714285714,0,0,1,1,1,1,1,57.2321428571429
PAK,Pakistan,2018,33.3333333333333,1,0,1,0.5,0,0,0,0,1,0.5,0,0,66.25,1,1,0,1,0,1,1,0.3,100,1,1,1,1,1,1,1,1,1,1,1,1,42.8571428571429,0,1,0,1,1,0,0,60.610119047619
PAN,Panama,2018,29.1666666666667,0.5,0,0.5,0,0,0,0,0,1,0.5,1,0,57.5,1,1,0,1,0,1,0.3,0.3,91.6666666666667,1,1,1,1,0,1,1,1,1,1,1,1,57.1428571428571,1,1,0,1,1,0,0,58.8690476190476
PER,Peru,2018,41.6666666666667,1,0,1,0.5,0,0,0.5,0,1,1,0,0,77.5,1,1,0,1,0.6,1,1,0.6,100,1,1,1,1,1,1,1,1,1,1,1,1,71.4285714285714,1,1,1,1,0,0,1,72.6488095238095
PHL,Philippines,2018,45.8333333333333,1,0,0.5,0,1,0,0,0,1,1,1,0,100,1,1,1,1,1,1,1,1,100,1,1,1,1,1,1,1,1,1,1,1,1,71.4285714285714,1,1,1,1,1,0,0,79.3154761904762
PLW,Palau,2018,29.1666666666667,0.5,0.5,0,0.5,0,0,0,0.5,0,0.5,1,0,28.75,1,1,0,0.3,0,0,0,0,66.6666666666667,0,1,1,0,1,1,0,1,1,1,1,0,0,0,0,0,0,0,0,0,31.1458333333333
PNG,Papua New Guinea,2018,20.8333333333333,0.5,0.5,0,0,0,0,0,0,1,0.5,0,0,36.25,1,1,0,0.6,0,0,0,0.3,58.3333333333333,0,1,1,1,0,1,0,1,0,1,1,0,14.2857142857143,0,1,0,0,0,0,0,32.4255952380952
POL,Poland,2018,91.6666666666667,1,1,1,1,1,0,1,1,1,1,1,1,65,1,1,0,1,0.6,1,0,0.6,91.6666666666667,1,1,1,1,0,1,1,1,1,1,1,1,100,1,1,1,1,1,1,1,87.0833333333333
PRT,Portugal,2018,91.6666666666667,1,1,1,1,1,0,1,1,1,1,1,1,100,1,1,1,1,1,1,1,1,75,0,1,1,0,0,1,1,1,1,1,1,1,100,1,1,1,1,1,1,1,91.6666666666667
PRY,Paraguay,2018,37.5,0.5,0,0.5,0,1,0,1,0,1,0.5,0,0,65,1,1,0,1,0,1,0.6,0.6,91.6666666666667,1,1,1,0,1,1,1,1,1,1,1,1,57.1428571428571,1,1,0,1,0,1,0,62.827380952381
PSE,West Bank and Gaza,2018,58.3333333333333,0,0.5,1,0.5,1,0,1,0,1,1,0,1,71.25,1,1,0.5,1,0.6,1,0.3,0.3,83.3333333333333,1,1,0,1,1,1,1,1,1,1,1,0,85.7142857142857,1,1,1,1,1,1,0,74.6577380952381
QAT,Qatar,2018,33.3333333333333,0.5,0.5,0.5,0,0,0,0,0,1,0.5,1,0,45,1,1,0,0.3,0,1,0.3,0,83.3333333333333,0,1,1,1,1,1,1,1,1,1,1,0,57.1428571428571,1,0,0,1,1,0,1,54.7023809523809
ROU,Romania,2018,79.1666666666667,1,1,1,1,0,1,1,0.5,1,1,1,0,65,1,1,0,1,0.6,1,0,0.6,91.6666666666667,1,1,1,1,0,1,1,1,1,1,1,1,85.7142857142857,1,1,1,1,1,1,0,80.3869047619048
RUS,Russian Federation,2018,83.3333333333333,0.5,0.5,1,1,1,0,1,1,1,1,1,1,57.5,1,1,0,1,0,1,0,0.6,91.6666666666667,1,1,1,1,0,1,1,1,1,1,1,1,57.1428571428571,1,1,0,1,1,0,0,72.4107142857143
RWA,Rwanda,2018,41.6666666666667,0.5,0.5,1,0.5,1,0,0,0,1,0.5,0,0,86.25,1,1,1,1,1,0.6,1,0.3,91.6666666666667,1,1,1,1,0,1,1,1,1,1,1,1,100,1,1,1,1,1,1,1,79.8958333333333
SAU,Saudi Arabia,2018,29.1666666666667,1,0.5,0.5,0,1,0,0,0,0,0.5,0,0,66.25,1,1,1,0.3,0,1,0,1,91.6666666666667,0,1,1,1,1,1,1,1,1,1,1,1,85.7142857142857,1,1,1,1,1,0,1,68.1994047619048
SDN,Sudan,2018,16.6666666666667,0,0,0,0.5,0,0,0,0,1,0.5,0,0,52.5,1,1,0,1,0,0.3,0.3,0.6,66.6666666666667,0,1,1,1,0,1,0,0,1,1,1,1,42.8571428571429,0,1,0,1,1,0,0,44.672619047619
SEN,Senegal,2018,41.6666666666667,0.5,0,0.5,0.5,1,0,0,0.5,1,1,0,0,52.5,1,1,0,0.3,0.6,0,1,0.3,91.6666666666667,0,1,1,1,1,1,1,1,1,1,1,1,85.7142857142857,1,1,1,1,1,0,1,67.8869047619048
SGP,Singapore,2018,62.5,1,0.5,1,0.5,1,0,0.5,1,0,1,1,0,62.5,1,1,0,1,0,1,0,1,83.3333333333333,0,1,1,1,1,1,1,1,1,1,1,0,85.7142857142857,1,1,1,1,1,0,1,73.5119047619048
SLB,Solomon Islands,2018,20.8333333333333,0.5,0,0.5,0,0,0,0,0,1,0.5,0,0,32.5,1,1,0,0.3,0,0,0,0.3,58.3333333333333,0,1,1,1,0,1,0,0,0,1,1,1,42.8571428571429,0,1,0,1,0,0,1,38.6309523809524
SLE,Sierra Leone,2018,20.8333333333333,0.5,0,0.5,0,0,0,0,0,1,0.5,0,0,52.5,1,1,0,0.3,0,0.3,1,0.6,75,0,1,1,1,0,1,0,1,1,1,1,1,14.2857142857143,0,1,0,0,0,0,0,40.6547619047619
SLV,El Salvador,2018,58.3333333333333,1,0,1,0,1,0,1,0,1,1,1,0,48.75,1,1,0,1,0,0,0.3,0.6,100,1,1,1,1,1,1,1,1,1,1,1,1,28.5714285714286,0,1,0,0,1,0,0,58.9136904761905
SMR,San Marino,2018,58.3333333333333,0.5,0,0.5,1,0,1,1,0.5,1,0.5,1,0,25,1,1,0,0,0,0,0,0,41.6666666666667,0,1,1,0,0,1,1,0,0,1,0,0,42.8571428571429,0,1,0,1,1,0,0,41.9642857142857
SOM,Somalia,2018,0,0,0,0,0,0,0,0,0,0,0,0,0,3.75,0,0,0,0.3,0,0,0,0,25,0,1,1,0,0,1,0,0,0,0,0,0,14.2857142857143,0,1,0,0,0,0,0,10.7589285714286
SRB,Serbia,2018,79.1666666666667,1,1,1,0.5,1,1,0.5,0,1,0.5,1,1,65,1,1,0,1,0,1,0.6,0.6,100,1,1,1,1,1,1,1,1,1,1,1,1,85.7142857142857,1,1,1,1,1,1,0,82.4702380952381
SSD,South Sudan,2018,25,1,0.5,0,0.5,0,0,0,0,1,0,0,0,36.25,1,1,0,0.3,0,0,0.3,0.3,66.6666666666667,1,1,1,0,0,1,0,1,1,1,1,0,0,0,0,0,0,0,0,0,31.9791666666667
STP,São Tomé and Principe,2018,41.6666666666667,0.5,0.5,0.5,0,1,0,0,0,1,0.5,1,0,40,1,1,0,0.6,0,0,0.6,0,NA,NA,NA,NA,NA,NA,NA,NA,NA,NA,NA,NA,NA,57.1428571428571,0,1,1,1,1,0,0,NA
SUR,Suriname,2018,45.8333333333333,0.5,0,0.5,0.5,1,0,0,0.5,1,0.5,1,0,48.75,1,1,0,1,0,0.3,0.3,0.3,75,0,1,1,1,0,1,1,1,0,1,1,1,42.8571428571429,0,1,0,1,1,0,0,53.110119047619
SVK,Slovak Republic,2018,100,1,1,1,1,1,1,1,1,1,1,1,1,100,1,1,1,1,1,1,1,1,83.3333333333333,0,1,1,1,0,1,1,1,1,1,1,1,85.7142857142857,1,1,1,1,1,1,0,92.2619047619048
SVN,Slovenia,2018,83.3333333333333,1,1,1,1,1,0,1,0,1,1,1,1,100,1,1,1,1,1,1,1,1,83.3333333333333,0,1,1,1,0,1,1,1,1,1,1,1,100,1,1,1,1,1,1,1,91.6666666666667
SWE,Sweden,2018,91.6666666666667,1,1,1,1,1,0,1,1,1,1,1,1,100,1,1,1,1,1,1,1,1,83.3333333333333,0,1,1,1,0,1,1,1,1,1,1,1,71.4285714285714,1,1,1,1,1,0,0,86.6071428571429
SWZ,Swaziland,2018,37.5,1,0.5,1,0,0,0,0,0.5,1,0.5,0,0,33.75,1,0.5,0,0.6,0,0,0.6,0,NA,NA,NA,NA,NA,NA,NA,NA,NA,NA,NA,NA,NA,NA,NA,NA,NA,NA,NA,NA,NA,NA
SYC,Seychelles,2018,58.3333333333333,0.5,0,1,0.5,1,0,0.5,0.5,1,1,1,0,28.75,1,1,0,0.3,0,0,0,0,75,0,1,1,1,0,1,1,1,1,1,1,0,42.8571428571429,1,0,0,1,1,0,0,51.235119047619
SYR,Syrian Arab Republic,2018,25,0,0,0.5,0,1,0,0,0,1,0.5,0,0,23.75,0.5,0.5,0,0.3,0,0.3,0,0.3,25,0,1,1,0,0,1,0,0,0,0,0,0,0,0,0,0,0,0,0,0,18.4375
TCD,Chad,2018,16.6666666666667,0.5,0,0,0,0,0,0,0,1,0.5,0,0,45,1,1,0,0.3,0,0,1,0.3,75,0,1,1,1,1,1,0,1,1,1,0,1,14.2857142857143,0,0,1,0,0,0,0,37.7380952380952
TGO,Togo,2018,37.5,0.5,0,1,0.5,1,0,0,0,1,0.5,0,0,52.5,1,1,0,0.6,0,0,1,0.6,100,1,1,1,1,1,1,1,1,1,1,1,1,42.8571428571429,0,1,1,1,0,0,0,58.2142857142857
THA,Thailand,2018,66.6666666666667,1,0,1,0,1,1,1,1,1,1,0,0,78.75,1,1,1,1,0,1,1,0.3,100,1,1,1,1,1,1,1,1,1,1,1,1,85.7142857142857,1,1,1,1,1,0,1,82.7827380952381
TJK,Tajikistan,2018,45.8333333333333,0.5,1,0,1,1,0,0,0.5,1,0.5,0,0,60,1,1,0,1,0,0.6,0.6,0.6,83.3333333333333,1,1,1,1,0,1,1,1,1,1,1,0,28.5714285714286,0,0,0,1,1,0,0,54.4345238095238
TKM,Turkmenistan,2018,4.16666666666667,0.5,0,0,0,0,0,0,0,0,0,0,0,28.75,1,1,0,0,0,0,0.3,0,41.6666666666667,0,1,1,0,0,1,0,0,0,1,0,1,14.2857142857143,0,0,0,0,1,0,0,22.2172619047619
TLS,Timor-Leste,2018,50,1,0.5,1,0.5,1,0,0.5,0,1,0.5,0,0,75,1,1,0,1,0,1,1,1,83.3333333333333,0,1,1,1,0,1,1,1,1,1,1,1,71.4285714285714,0,1,1,1,1,0,1,69.9404761904762
TON,Tonga,2018,33.3333333333333,0.5,0.5,0,0.5,0,0,1,0,1,0.5,0,0,36.25,1,1,0,0.6,0,0,0,0.3,50,0,1,1,0,0,1,0,1,0,1,1,0,42.8571428571429,0,1,0,1,0,0,1,40.610119047619
TTO,Trinidad and Tobago,2018,41.6666666666667,0.5,0.5,0.5,0,1,0,0,0,1,0.5,1,0,36.25,1,1,0,0.3,0,0,0.3,0.3,66.6666666666667,0,1,1,0,0,1,1,1,0,1,1,1,28.5714285714286,0,1,0,0,1,0,0,43.2886904761905
TUN,Tunisia,2018,33.3333333333333,0.5,0.5,1,0,0,0,0,0,1,1,0,0,56.25,1,1,0,0.6,0,1,0.6,0.3,91.6666666666667,1,1,1,1,0,1,1,1,1,1,1,1,85.7142857142857,1,1,1,1,1,0,1,66.7410714285714
TUR,Turkey,2018,100,1,1,1,1,1,1,1,1,1,1,1,1,67.5,1,0.5,0,1,0.3,1,0.6,1,100,1,1,1,1,1,1,1,1,1,1,1,1,85.7142857142857,1,1,1,1,1,1,0,88.3035714285714
TUV,Tuvalu,2018,8.33333333333333,0,0,0,0.5,0,0,0,0,0,0.5,0,0,28.75,1,1,0,0.3,0,0,0,0,50,0,1,1,1,0,1,1,0,0,1,0,0,28.5714285714286,0,1,0,0,0,0,1,28.9136904761905
TZA,Tanzania,2018,37.5,0.5,0,0.5,0,1,1,0,0,1,0.5,0,0,68.75,1,1,0,0.3,0.6,0.6,1,1,83.3333333333333,0,1,1,1,1,1,0,1,1,1,1,1,71.4285714285714,0,1,1,1,1,0,1,65.2529761904762
UGA,Uganda,2018,54.1666666666667,1,0.5,0,0,1,1,1,0.5,1,0.5,0,0,68.75,1,1,0,1,0.3,1,0.6,0.6,91.6666666666667,1,1,1,1,0,1,1,1,1,1,1,1,71.4285714285714,0,1,1,1,1,0,1,71.5029761904762
UKR,Ukraine,2018,87.5,1,1,1,1,1,1,0.5,0,1,1,1,1,48.75,0.5,0.5,0,1,0,1,0.3,0.6,83.3333333333333,1,1,1,0,0,1,1,1,1,1,1,1,42.8571428571429,1,0,0,1,1,0,0,65.610119047619
URY,Uruguay,2018,37.5,0.5,0,0.5,0,0,0,0.5,0,1,1,1,0,78.75,1,1,1,1,0,1,0.3,1,100,1,1,1,1,1,1,1,1,1,1,1,1,71.4285714285714,1,1,1,1,1,0,0,71.9196428571429
USA,United States,2018,79.1666666666667,1,1,1,1,0,1,1,0.5,1,1,1,0,100,1,1,1,1,1,1,1,1,83.3333333333333,0,1,1,1,0,1,1,1,1,1,1,1,100,1,1,1,1,1,1,1,90.625
UZB,Uzbekistan,2018,66.6666666666667,0.5,1,1,0.5,1,0,0.5,1,1,0.5,1,0,20,0,0,0,1,0,0,0,0.6,91.6666666666667,0,1,1,1,1,1,1,1,1,1,1,1,100,1,1,1,1,1,1,1,69.5833333333333
VCT,St. Vincent and the Grenadines,2018,41.6666666666667,0.5,0,0.5,0.5,1,0,0,0,1,0.5,1,0,28.75,1,1,0,0,0,0,0,0.3,75,0,1,1,1,0,1,0,1,1,1,1,1,28.5714285714286,0,1,0,1,0,0,0,43.4970238095238
VEN,"Venezuela, RB",2018,25,0.5,0,0,0,1,0,0,0,1,0.5,0,0,36.25,1,1,0,0,0,0.3,0,0.6,66.6666666666667,1,1,1,1,1,1,0,0,0,0,1,1,42.8571428571429,0,1,0,1,1,0,0,42.6934523809524
VNM,Vietnam,2018,41.6666666666667,0.5,0.5,1,0.5,1,0,0,0,0,0.5,1,0,81.25,1,1,0.5,1,0,1,1,1,91.6666666666667,1,1,1,1,0,1,1,1,1,1,1,1,57.1428571428571,0,1,1,1,1,0,0,67.9315476190476
VUT,Vanuatu,2018,16.6666666666667,0.5,0,0,0,0,0,0,0,1,0.5,0,0,36.25,1,1,0,0.3,0,0,0.3,0.3,58.3333333333333,0,1,1,0,0,1,0,1,0,1,1,1,42.8571428571429,0,1,0,1,0,0,1,38.5267857142857
WSM,Samoa,2018,41.6666666666667,0.5,0.5,0.5,0.5,1,0,0,0.5,1,0.5,0,0,43.75,1,1,0,0.6,0,0.3,0.3,0.3,75,0,1,1,1,0,1,1,1,0,1,1,1,57.1428571428571,1,1,0,1,1,0,0,54.389880952381
XKX,Kosovo,2018,50,0.5,0.5,1,0.5,1,0,0,1,1,0.5,0,0,70,1,1,0,1,0.3,1,0.3,1,50,1,0,0,0,0,0,1,1,1,1,1,0,100,1,1,1,1,1,1,1,67.5
YEM,"Yemen, Rep.",2018,25,0.5,0,0.5,0.5,1,0,0,0,0,0.5,0,0,31.25,0.5,0.5,0,0.3,0,0.3,0.3,0.6,58.3333333333333,0,1,1,1,0,1,0,0,0,1,1,1,0,0,0,0,0,0,0,0,28.6458333333333
ZAF,South Africa,2018,62.5,1,0.5,0.5,0.5,1,0,0.5,0.5,1,1,0,1,53.75,1,1,0,1,0,1,0.3,0,91.6666666666667,0,1,1,1,1,1,1,1,1,1,1,1,71.4285714285714,1,1,0,1,1,0,1,69.8363095238095
ZMB,Zambia,2018,37.5,1,0.5,0.5,0,1,0,0,0,1,0.5,0,0,77.5,1,1,0,0.6,1,1,0.6,1,83.3333333333333,1,1,1,0,0,1,1,1,1,1,1,1,57.1428571428571,0,1,1,1,1,0,0,63.8690476190476
ZWE,Zimbabwe,2018,41.6666666666667,0.5,0.5,0.5,0.5,1,0,0,0.5,1,0.5,0,0,68.75,1,1,0,0.6,0.3,1,1,0.6,75,1,1,1,0,0,1,0,1,1,1,1,1,57.1428571428571,0,1,1,1,1,0,0,60.639880952381
